

-- CREACIÓN DEL ESQUEMA

CREATE TABLESPACE MINIMARKET DATAFILE 'C:\app\Alumno\oradata\orcl\MINIMARKET_TEMP.DBF' SIZE 100M;
CREATE TEMPORARY TABLESPACE MINIMARKET_TEMP DATAFILE 'C:\app\Alumno\oradata\orcl\MINIMARKET_TEMP.DBF' SIZE 100M;



connect administrador1/admin1



--TABLA DISTRITOS

CREATE TABLE DISTRITOS
( CODDIS VARCHAR2(4) NOT NULL,
  NOMDIS VARCHAR2(20) NOT NULL, 
CONSTRAINT pk_distritos PRIMARY KEY ( CODDIS )
);


--TABLA LOCALES

CREATE TABLE LOCALES (
CODLOC VARCHAR2(4) NOT NULL,
NOMLOC VARCHAR2(40) NOT NULL,
DIRECC VARCHAR2(30) NOT NULL,
CODDIS VARCHAR2(4) NOT NULL,
TELEF VARCHAR2(9) NULL, 
CONSTRAINT pk_locales PRIMARY KEY ( CODLOC ),
    CONSTRAINT fk_locales_distritos 
        FOREIGN KEY ( CODDIS ) 
        REFERENCES distritos ( CODDIS )
);


-- CREANDO TABLA CLIENTES
CREATE TABLE CLIENTES (
CODCLI VARCHAR2(4) NOT NULL,
NOMCLI VARCHAR2(30) NOT NULL,
DNI VARCHAR2(8) NOT NULL,
SEXO VARCHAR2(1) NOT NULL,
DIREC VARCHAR2(30) NOT NULL,
CODDIS VARCHAR2(4) NOT NULL,
TELEF VARCHAR2(9) NULL,
EMAIL VARCHAR2(30) NULL, 
CONSTRAINT pk_clientes PRIMARY KEY ( CODCLI ),
    CONSTRAINT fk_clientes_distritos 
        FOREIGN KEY ( CODDIS ) 
        REFERENCES distritos ( CODDIS )
);

--CREANDO TABLA PERSONAL
CREATE TABLE PERSONAL (
CODPER VARCHAR2(4) NOT NULL,
NOMPER VARCHAR2(30) NOT NULL,
DNI VARCHAR2(8) NOT NULL,
SEXO VARCHAR2(1) NOT NULL,
DIREC VARCHAR2(40) NOT NULL,
CODDIS VARCHAR2(4) NOT NULL,
TELEF VARCHAR2(9)  NULL,
CODLOC VARCHAR2(4) NOT NULL,
SUELDO DECIMAL(10,2) NOT NULL, 
CONSTRAINT pk_personal PRIMARY KEY ( CODPER ),
    CONSTRAINT fk_personal_distritos 
        FOREIGN KEY ( CODDIS ) 
        REFERENCES distritos ( CODDIS ),
    CONSTRAINT fk_personal_locales 
        FOREIGN KEY ( CODLOC ) 
        REFERENCES locales ( CODLOC )
);

--CREANDO TABLA PROVEEDORES
CREATE TABLE PROVEEDORES (
CODPROV VARCHAR2(4) NOT NULL,
NOMPROV VARCHAR2(30) NOT NULL,
RUC VARCHAR2(10) NOT NULL,
DIREC VARCHAR2(40) NOT NULL,
CODDIS VARCHAR2(4) NOT NULL,
TELEF VARCHAR2(9)  NULL,
EMAIL VARCHAR2(30) NULL,
CONTACTO VARCHAR2(30)  NULL, 
CONSTRAINT pk_proveedores PRIMARY KEY ( CODPROV ),
    CONSTRAINT fk_proveedores_distritos 
        FOREIGN KEY ( CODDIS ) 
        REFERENCES distritos ( CODDIS )
);

--CREANDO TABLA MARCAS
CREATE TABLE MARCAS (
CODMAR VARCHAR2(4) NOT NULL,
NOMMAR VARCHAR2(30) NOT NULL, 
CONSTRAINT pk_marcas PRIMARY KEY ( CODMAR )
);

--CREANDO TABLA CATEGORIAS
CREATE TABLE CATEGORIAS (
CODCAT VARCHAR2(4) NOT NULL,
NOMCAT VARCHAR2(25) NOT NULL, 
CONSTRAINT pk_categorias PRIMARY KEY ( CODCAT )
);

--CREANDO TABLA PRODUCTOS 
CREATE TABLE PRODUCTOS
(
CODPROD VARCHAR2(4) NOT NULL,
NOMPROD VARCHAR2(30) NOT NULL,
CODMAR VARCHAR2(4) NOT NULL,
CODCAT VARCHAR2(4) NOT NULL,
PRECIO DECIMAL(7,2) NOT NULL,
STOCK INT  NULL, 
CONSTRAINT pk_productos PRIMARY KEY ( CODPROD ),
    CONSTRAINT fk_productos_marcas 
        FOREIGN KEY ( CODMAR ) 
        REFERENCES marcas ( CODMAR ),
    CONSTRAINT fk_productos_categorias 
        FOREIGN KEY ( CODCAT ) 
        REFERENCES categorias ( CODCAT )

);

-- CREANDO TABLA FORMASDEPAGO
CREATE TABLE FORMAS_PAGO(
CODFOR VARCHAR2(4) NOT NULL,
NOMFOR VARCHAR2(15) NOT NULL, 
CONSTRAINT pk_formasdepago PRIMARY KEY ( CODFOR )
);

-- CREANDO TABLA COMPROBANTECABECERA
CREATE TABLE COMPROBANTECABECERA (
CODCOMPR VARCHAR2(6) NOT NULL,
CODCLI VARCHAR2(4) NOT NULL,
CODPER VARCHAR2(4) NOT NULL,
CODLOC VARCHAR2(4) NOT NULL,
CODFOR VARCHAR2(4) NOT NULL,
TIPO_COM VARCHAR2(1) NOT NULL,
FECHA  DATE NOT NULL, 
CONSTRAINT pk_comprobantecabecera PRIMARY KEY ( CODCOMPR ),
    CONSTRAINT fk_comprobantecabecera_clientes 
        FOREIGN KEY ( CODCLI ) 
        REFERENCES clientes ( CODCLI ),
    CONSTRAINT fk_comprobantecabecera_personal 
        FOREIGN KEY ( CODPER ) 
        REFERENCES personal ( CODPER ),
    CONSTRAINT fk_comprobantecabecera_locales 
        FOREIGN KEY ( CODLOC ) 
        REFERENCES locales ( CODLOC ),
    CONSTRAINT fk_comprobantecabecera_formasdepago 
        FOREIGN KEY ( CODFOR ) 
        REFERENCES formas_pago ( CODFOR )
);

-- CREANDO TABLA COMPROBANTEDETALLE
CREATE TABLE COMPROBANTEDETALLE (
CODCOMPRD VARCHAR2(6)NOT NULL,
CODPROD VARCHAR2(4) NOT NULL,
CANTIDAD INT NOT NULL,
PRECIO DECIMAL(7,2) NOT NULL,
DCTO DECIMAL(7,2)  NULL, 
CONSTRAINT pk_comprobantedetalle PRIMARY KEY ( CODCOMPRD ),
    CONSTRAINT fk_comprobantedetalle_productos 
        FOREIGN KEY ( CODPROD ) 
        REFERENCES productos ( CODPROD )
);


--CREANDO TABLA ABASTECIMIENTOPRODUCTO
CREATE TABLE ABASTECIMIENTOPRODUCTO(
COD_ABAST_PROD VARCHAR2(6) NOT NULL,
CODPROV VARCHAR2(4) NOT NULL,
CODPROD VARCHAR2(4) NOT NULL, 
CONSTRAINT pk_bastecimientoproducto PRIMARY KEY ( COD_ABAST_PROD ),
    CONSTRAINT fk_abastecimientoproductos_provedores 
        FOREIGN KEY ( CODPROV ) 
        REFERENCES provedores ( CODPROV ),
    CONSTRAINT fk_abastecimientoproductos_productos
        FOREIGN KEY ( CODPROD ) 
        REFERENCES productos ( CODPROD )
);



--INSERTANDO VALORES TABLA DISTRITOS
INSERT INTO DISTRITOS ( CODDIS, NOMDIS ) VALUES('D001','ANCON');
INSERT INTO DISTRITOS ( CODDIS, NOMDIS ) VALUES('D002','CARABAYLLO');
INSERT INTO DISTRITOS ( CODDIS, NOMDIS ) VALUES('D003','COMAS');
INSERT INTO DISTRITOS ( CODDIS, NOMDIS ) VALUES('D004','INDEPENDENCIA');
INSERT INTO DISTRITOS ( CODDIS, NOMDIS ) VALUES('D005','LOS OLIVOS');
INSERT INTO DISTRITOS ( CODDIS, NOMDIS ) VALUES('D006','PUENTE PIEDRA');
INSERT INTO DISTRITOS ( CODDIS, NOMDIS ) VALUES('D007','SAN MARTIN DE PORRES');
INSERT INTO DISTRITOS ( CODDIS, NOMDIS ) VALUES('D008','SANTA ROSA');


-- INSERTANDO VALORES LOCALES
INSERT INTO LOCALES ( CODLOC, NOMLOC, DIRECC, CODDIS, TELEF ) VALUES('L001','LOCAL ANCON1','Av. 11 de enero 435','D001','953344082');                    
INSERT INTO LOCALES ( CODLOC, NOMLOC, DIRECC, CODDIS, TELEF ) VALUES('L002','LOCAL ANCON2','Av. Bolivar 105','D001','993903985')   ;
INSERT INTO LOCALES ( CODLOC, NOMLOC, DIRECC, CODDIS, TELEF ) VALUES('L003','LOCAL CARABAYLLO1','Av. ILO 231','D002','980685506');
INSERT INTO LOCALES ( CODLOC, NOMLOC, DIRECC, CODDIS, TELEF ) VALUES('L004','LOCAL CARABAYLLO2','Av. Caceres 112','D002','920012061')          ;             
INSERT INTO LOCALES ( CODLOC, NOMLOC, DIRECC, CODDIS, TELEF ) VALUES('L005','LOCAL COMAS1','Av. Retablo 115','D003','976035263')  ; 
INSERT INTO LOCALES ( CODLOC, NOMLOC, DIRECC, CODDIS, TELEF ) VALUES('L006','LOCAL COMAS2','Av. Revolucion 258','D003','989276862') ;
INSERT INTO LOCALES ( CODLOC, NOMLOC, DIRECC, CODDIS, TELEF ) VALUES('L007','LOCAL INDEPENDENCIA1','Av. Izaguirre 42','D004','997091986')    ;                   
INSERT INTO LOCALES ( CODLOC, NOMLOC, DIRECC, CODDIS, TELEF ) VALUES('L008','LOCAL INDEPENDENCIA2','Av. Tupac Amaru 123','D004','957712047')   ;
INSERT INTO LOCALES ( CODLOC, NOMLOC, DIRECC, CODDIS, TELEF ) VALUES('L009','LOCAL LOS OLIVOS1','jr. pollos 345','D005','941059549') ;
INSERT INTO LOCALES ( CODLOC, NOMLOC, DIRECC, CODDIS, TELEF ) VALUES('L010','LOCAL LOS OLIVOS2','Av. el olivar 145','D005','951785279')    ;                   
INSERT INTO LOCALES ( CODLOC, NOMLOC, DIRECC, CODDIS, TELEF ) VALUES('L011','LOCAL PUENTE PIEDRA1','Av. los pinos 203','D006','961812150') ;  
INSERT INTO LOCALES ( CODLOC, NOMLOC, DIRECC, CODDIS, TELEF ) VALUES('L012','LOCAL PUENTE PIEDRA2','Av. la floresta 123','D006','971176401') ;
INSERT INTO LOCALES ( CODLOC, NOMLOC, DIRECC, CODDIS, TELEF ) VALUES('L013','LOCAL SAN MARTIN DE PORRES1','Av. cayetano heredia 105','D007','993409130')       ;                
INSERT INTO LOCALES ( CODLOC, NOMLOC, DIRECC, CODDIS, TELEF ) VALUES('L014','LOCAL SAN MARTIN DE PORRES2','Av. alheli 313','D007','941361377')   ;
INSERT INTO LOCALES ( CODLOC, NOMLOC, DIRECC, CODDIS, TELEF ) VALUES('L015','LOCAL SANTA ROSA1','Av. alejandro bertello 111','D008','993048609')  ;
INSERT INTO LOCALES ( CODLOC, NOMLOC, DIRECC, CODDIS, TELEF ) VALUES('L016','LOCAL SANTA ROSA2','JR. malecon 23','D008','943606926') ;


-- INSERTANDO VALORES CLIENTES
INSERT INTO CLIENTES ( CODCLI, NOMCLI, DNI, SEXO, DIREC, CODDIS, TELEF, EMAIL ) VALUES('C001','Juan Lazo','74707505','M','Jr. Supe 287','D005','987405632','Juan_lazo@gmail.com');
INSERT INTO CLIENTES ( CODCLI, NOMCLI, DNI, SEXO, DIREC, CODDIS, TELEF, EMAIL ) VALUES('C002','Liz Vera','74185630','F','Jr. Lima 289','D001','963258741','Liz_vera@gmail.com');
INSERT INTO CLIENTES ( CODCLI, NOMCLI, DNI, SEXO, DIREC, CODDIS, TELEF, EMAIL ) VALUES('C003','Carlos Gutierrez','98532106','M','Jr. Huanuco 987','D004','987456020','Carlos_gutierrez@gmail.com');
INSERT INTO CLIENTES ( CODCLI, NOMCLI, DNI, SEXO, DIREC, CODDIS, TELEF, EMAIL ) VALUES('C004','John Ayquipa','09972437','M','Jr. Ica 499','D002','951003478',NULL);
INSERT INTO CLIENTES ( CODCLI, NOMCLI, DNI, SEXO, DIREC, CODDIS, TELEF, EMAIL ) VALUES('C005','Neyda Soto','75395102','F','Jr. Ilo 697','D003','978369222','Neyda_soto@gmail.com');
INSERT INTO CLIENTES ( CODCLI, NOMCLI, DNI, SEXO, DIREC, CODDIS, TELEF, EMAIL ) VALUES('C006','Yamila Sanchez','73566001','F','Av. Prialé 987','D006','920036117','Yamila_sanchez@gmail.com');
INSERT INTO CLIENTES ( CODCLI, NOMCLI, DNI, SEXO, DIREC, CODDIS, TELEF, EMAIL ) VALUES('C007','Manuel Garcia','09986602','M','Av. Tungasuca 987','D007','989888403','Manuel_garcia@gmail.com');
INSERT INTO CLIENTES ( CODCLI, NOMCLI, DNI, SEXO, DIREC, CODDIS, TELEF, EMAIL ) VALUES('C008','Alejandro Tito','73344198','M','Av. Garcilazo 587 ','D008','997181781','Alejandro_tito@gmail.com');
INSERT INTO CLIENTES ( CODCLI, NOMCLI, DNI, SEXO, DIREC, CODDIS, TELEF, EMAIL ) VALUES('C009','Juana Meza','73366008','F','Av. Proceres 1189','D003','995333211',NULL);
INSERT INTO CLIENTES ( CODCLI, NOMCLI, DNI, SEXO, DIREC, CODDIS, TELEF, EMAIL ) VALUES('C010','Paul Alonzo','09963322','M','Av. Ricaldo Palma 1569','D002','984761798','Paul_alonzo@gmail.com');
INSERT INTO CLIENTES ( CODCLI, NOMCLI, DNI, SEXO, DIREC, CODDIS, TELEF, EMAIL ) VALUES('C011','Diego Castro','74496008','M','Av. Revolucion 987','D004','962213005',NULL);
INSERT INTO CLIENTES ( CODCLI, NOMCLI, DNI, SEXO, DIREC, CODDIS, TELEF, EMAIL ) VALUES('C012','Luis Injante','09973401','M','Av. Fauccet 410','D007','931456003','Luis_injante@gmail.com');
INSERT INTO CLIENTES ( CODCLI, NOMCLI, DNI, SEXO, DIREC, CODDIS, TELEF, EMAIL ) VALUES('C013','Jack Costas','73556698','M','Jr. Crerro Verde 963','D006','963200119',NULL);
INSERT INTO CLIENTES ( CODCLI, NOMCLI, DNI, SEXO, DIREC, CODDIS, TELEF, EMAIL ) VALUES('C014','Juanse Velarde','09953214','M','Jr. Arequipa 1189','D004','983147589',NULL);
INSERT INTO CLIENTES ( CODCLI, NOMCLI, DNI, SEXO, DIREC, CODDIS, TELEF, EMAIL ) VALUES('C015','Carlos Rodriguez','75300098','M','Jr. Argentina 140','D006','955336204','Carlos_rodriguez@gmail.com');
INSERT INTO CLIENTES ( CODCLI, NOMCLI, DNI, SEXO, DIREC, CODDIS, TELEF, EMAIL ) VALUES('C016','Elmer Huerta','73243526','M','Jr.Pasllasca 160 ','D001','920040000','elmer_huerta@gmail.com');
INSERT INTO CLIENTES ( CODCLI, NOMCLI, DNI, SEXO, DIREC, CODDIS, TELEF, EMAIL ) VALUES('C017','Jairo Davila','71234567','M','Jr.Los educadores 190 ','D001','920040001','jairo_davila@gmail.com');
INSERT INTO CLIENTES ( CODCLI, NOMCLI, DNI, SEXO, DIREC, CODDIS, TELEF, EMAIL ) VALUES('C018','Alexis Paucar','78376490','M','Jr.Los petalos 200 ','D001','920040002','alexis_paucar@gmail.com');
INSERT INTO CLIENTES ( CODCLI, NOMCLI, DNI, SEXO, DIREC, CODDIS, TELEF, EMAIL ) VALUES('C019','Mario Peres','70345851','M','Jr.San Francisco 201 ','D001','920040003','mario_peres@gmail.com');
INSERT INTO CLIENTES ( CODCLI, NOMCLI, DNI, SEXO, DIREC, CODDIS, TELEF, EMAIL ) VALUES('C020','Paolo Farfan','79876461','M','Jr.San Pedro 901 ','D001','920040004','paolo_farfan@gmail.com');
INSERT INTO CLIENTES ( CODCLI, NOMCLI, DNI, SEXO, DIREC, CODDIS, TELEF, EMAIL ) VALUES('C021','Mario Gomez','85753957','M','Jr.San Judas 902 ','D001','920040005','mario_gomez@gmail.com');
INSERT INTO CLIENTES ( CODCLI, NOMCLI, DNI, SEXO, DIREC, CODDIS, TELEF, EMAIL ) VALUES('C022','Jose Perales','97461487','M','Jr.Ricardo Palma 123 ','D001','920040006','jose_perales@gmail.com');
INSERT INTO CLIENTES ( CODCLI, NOMCLI, DNI, SEXO, DIREC, CODDIS, TELEF, EMAIL ) VALUES('C023','Jose Padro','59248097','M','Jr.Abram Lincoln 324 ','D001','920040007','jose_padro@gmail.com');
INSERT INTO CLIENTES ( CODCLI, NOMCLI, DNI, SEXO, DIREC, CODDIS, TELEF, EMAIL ) VALUES('C024','Hector Castro','11097617','M','Jr.Chabuca Granda 456 ','D001','920040008','hector_castro@gmail.com');
INSERT INTO CLIENTES ( CODCLI, NOMCLI, DNI, SEXO, DIREC, CODDIS, TELEF, EMAIL ) VALUES('C025','Kendra Alcantara','18908747','F','Jr.Felipe Pinglo 345 ','D002','920040009','kendra_alcantara@gmail.com');
INSERT INTO CLIENTES ( CODCLI, NOMCLI, DNI, SEXO, DIREC, CODDIS, TELEF, EMAIL ) VALUES('C026','Cielo Villanueva','68965237','F','Jr.Oscar Aviles 214','D002','920040010','cielo_villanueva@gmail.com');
INSERT INTO CLIENTES ( CODCLI, NOMCLI, DNI, SEXO, DIREC, CODDIS, TELEF, EMAIL ) VALUES('C027','Silvio Quinteros','60865807','M','Jr.Mario Cabero 123','D002','920040011','silvio_quinteros@gmail.com');
INSERT INTO CLIENTES ( CODCLI, NOMCLI, DNI, SEXO, DIREC, CODDIS, TELEF, EMAIL ) VALUES('C028','Mario Gente','59808127','M','Jr.Las Perdices 424','D002','920040012','mario_gente@gmail.com');
INSERT INTO CLIENTES ( CODCLI, NOMCLI, DNI, SEXO, DIREC, CODDIS, TELEF, EMAIL ) VALUES('C029','Claudia Meza','46097817','F','Jr.Los Tucanes 522','D002','920040013','claudia_meza@gmail.com');
INSERT INTO CLIENTES ( CODCLI, NOMCLI, DNI, SEXO, DIREC, CODDIS, TELEF, EMAIL ) VALUES('C030','Manuel Sanchez','76002123','M','Jr.Los Codornices 636 ','D002','920040014','manuel_sanchez@gmail.com');
INSERT INTO CLIENTES ( CODCLI, NOMCLI, DNI, SEXO, DIREC, CODDIS, TELEF, EMAIL ) VALUES('C031','Adriana Meza','79873150','F','Jr.Las Palomas 542 ','D002','920040015','adriana_meza@gmail.com');
INSERT INTO CLIENTES ( CODCLI, NOMCLI, DNI, SEXO, DIREC, CODDIS, TELEF, EMAIL ) VALUES('C032','Ariana Sanchez','87493807','F','Jr.Los condores 132 ','D002','920040016','ariana_sanchez@gmail.com');
INSERT INTO CLIENTES ( CODCLI, NOMCLI, DNI, SEXO, DIREC, CODDIS, TELEF, EMAIL ) VALUES('C033','Antonio Paucar','68924129','M','Jr.Las Aguilas 435','D003','920040017','antonio_paucar@gmail.com');
INSERT INTO CLIENTES ( CODCLI, NOMCLI, DNI, SEXO, DIREC, CODDIS, TELEF, EMAIL ) VALUES('C034','Jose Alcantara','68924127','M','Jr.Los escritores 242 ','D003','920040018','jose_alcantara@gmail.com');
INSERT INTO CLIENTES ( CODCLI, NOMCLI, DNI, SEXO, DIREC, CODDIS, TELEF, EMAIL ) VALUES('C035','Mario Pizarro','68924128','M','Jr.Los albañiles 333','D003','920040019','mario_pizarro@gmail.com');
INSERT INTO CLIENTES ( CODCLI, NOMCLI, DNI, SEXO, DIREC, CODDIS, TELEF, EMAIL ) VALUES('C036','Ernesto Quinteros','68924122','M','Jr.Jardineros 331 ','D003','920040020','ernesto_quinteros@gmail.com');
INSERT INTO CLIENTES ( CODCLI, NOMCLI, DNI, SEXO, DIREC, CODDIS, TELEF, EMAIL ) VALUES('C037','Jose Villanueva','68924123','M','Jr. Los Pescadores 953 ','D003','920040021','jose_villanueva@gmail.com');
INSERT INTO CLIENTES ( CODCLI, NOMCLI, DNI, SEXO, DIREC, CODDIS, TELEF, EMAIL ) VALUES('C038','Mario Estrada','68924124','M','Jr.los libreros 892 ','D003','920040022','mario_estrada@gmail.com');
INSERT INTO CLIENTES ( CODCLI, NOMCLI, DNI, SEXO, DIREC, CODDIS, TELEF, EMAIL ) VALUES('C039','Maria Nazarena','68924125','F','Jr. Chimbote 121 ','D003','920040023','maria_nazarena@gmail.com');
INSERT INTO CLIENTES ( CODCLI, NOMCLI, DNI, SEXO, DIREC, CODDIS, TELEF, EMAIL ) VALUES('C040','Juan del Arco','68924126','M','Jr. Tarapaca 192 ','D003','920040024','juan_delarco@gmail.com');
INSERT INTO CLIENTES ( CODCLI, NOMCLI, DNI, SEXO, DIREC, CODDIS, TELEF, EMAIL ) VALUES('C041','Stuart Mamani','71730210','M','Jr.Arica 113 ','D003','920040025','stuart_mamani@gmail.com');
INSERT INTO CLIENTES ( CODCLI, NOMCLI, DNI, SEXO, DIREC, CODDIS, TELEF, EMAIL ) VALUES('C042','Fidel Letona','71730211','M','Jr.Lima 144 ','D003','920040026','fidel_letona@gmail.com');
INSERT INTO CLIENTES ( CODCLI, NOMCLI, DNI, SEXO, DIREC, CODDIS, TELEF, EMAIL ) VALUES('C043','Alan Perez','71730212','M','Jr. Lima 154 ','D004','920040027','alan_perez@gmail.com');
INSERT INTO CLIENTES ( CODCLI, NOMCLI, DNI, SEXO, DIREC, CODDIS, TELEF, EMAIL ) VALUES('C044','Alejandro Garcia','71730213','M','Jr.Pasco 109 ','D004','920040028','alejandro_garcia@gmail.com');
INSERT INTO CLIENTES ( CODCLI, NOMCLI, DNI, SEXO, DIREC, CODDIS, TELEF, EMAIL ) VALUES('C045','Stefany Manco','71730214','F','Jr.Pasco 119 ','D004','920040029','stefany_manco@gmail.com');
INSERT INTO CLIENTES ( CODCLI, NOMCLI, DNI, SEXO, DIREC, CODDIS, TELEF, EMAIL ) VALUES('C046','Maria Quispe','71730215','F','Jr.Huanuco 523 ','D004','920040030','maria_quispe@gmail.com');
INSERT INTO CLIENTES ( CODCLI, NOMCLI, DNI, SEXO, DIREC, CODDIS, TELEF, EMAIL ) VALUES('C047','Alejandra Guzman','71730216','F','Jr.Huanuco 533 ','D004','920040031','alejandra_guzman@gmail.com');
INSERT INTO CLIENTES ( CODCLI, NOMCLI, DNI, SEXO, DIREC, CODDIS, TELEF, EMAIL ) VALUES('C048','Jhony Flores','71730217','M','Jr. Loreto 234','D004','920040032','jhony_flores@gmail.com');
INSERT INTO CLIENTES ( CODCLI, NOMCLI, DNI, SEXO, DIREC, CODDIS, TELEF, EMAIL ) VALUES('C049','Elmer Bashi','71730218','M','Jr.loreto 532 ','D004','920040032','elmer_bashi@gmail.com');
INSERT INTO CLIENTES ( CODCLI, NOMCLI, DNI, SEXO, DIREC, CODDIS, TELEF, EMAIL ) VALUES('C050','Jose Quispe','71730219','M','Jr.Pasllasca 170 ','D005','920040033','jose_quispe@gmail.com');
INSERT INTO CLIENTES ( CODCLI, NOMCLI, DNI, SEXO, DIREC, CODDIS, TELEF, EMAIL ) VALUES('C051','Jose Castro','77730210','M','Jr.Las Perdices 634 ','D005','920040034','jose_castro@gmail.com');
INSERT INTO CLIENTES ( CODCLI, NOMCLI, DNI, SEXO, DIREC, CODDIS, TELEF, EMAIL ) VALUES('C052','Herlinda Flores','77730211','F','Jr.Las Perdices 144 ','D005','920040035','herlinda_flores@gmail.com');
INSERT INTO CLIENTES ( CODCLI, NOMCLI, DNI, SEXO, DIREC, CODDIS, TELEF, EMAIL ) VALUES('C053','Elsa Perez','77730212','F','Jr.Lima 212 ','D005','920040036','elsa_perez@gmail.com');
INSERT INTO CLIENTES ( CODCLI, NOMCLI, DNI, SEXO, DIREC, CODDIS, TELEF, EMAIL ) VALUES('C054','Justina Justo','77730213','F','Jr.Iquitos 213','D005','920040037','justima_justo@gmail.com');
INSERT INTO CLIENTES ( CODCLI, NOMCLI, DNI, SEXO, DIREC, CODDIS, TELEF, EMAIL ) VALUES('C055','Glady Flores','77730214','F','Jr.Iquitos 314 ','D005','920040038','gladys_flores@gmail.com');
INSERT INTO CLIENTES ( CODCLI, NOMCLI, DNI, SEXO, DIREC, CODDIS, TELEF, EMAIL ) VALUES('C056','Rene Pisconte','77730215','F','Jr. La Libertad 134','D005','920040039','rene_pisconte@gmail.com');
INSERT INTO CLIENTES ( CODCLI, NOMCLI, DNI, SEXO, DIREC, CODDIS, TELEF, EMAIL ) VALUES('C057','Sara Gonzales','77730216','F','Jr.La Libertad 324 ','D005','920040040','sara_gonzales@gmail.com');
INSERT INTO CLIENTES ( CODCLI, NOMCLI, DNI, SEXO, DIREC, CODDIS, TELEF, EMAIL ) VALUES('C058','Greta Gonzales','77730217','F','Jr.lima 918 ','D005','920040041','greta_gonzales@gmail.com');
INSERT INTO CLIENTES ( CODCLI, NOMCLI, DNI, SEXO, DIREC, CODDIS, TELEF, EMAIL ) VALUES('C059','Lina Arquiñigo','77730218','F','Jr. Pasco 980','D006','920040042','lina_arquiñigo@gmail.com');
INSERT INTO CLIENTES ( CODCLI, NOMCLI, DNI, SEXO, DIREC, CODDIS, TELEF, EMAIL ) VALUES('C060','Vilma Palma','77730219','F','Jr.Rimac 124 ','D006','920040043','vilma_palma@gmail.com');
INSERT INTO CLIENTES ( CODCLI, NOMCLI, DNI, SEXO, DIREC, CODDIS, TELEF, EMAIL ) VALUES('C061','Karla Gonzales','72750210','F','Jr.Rimac 128 ','D006','920040044','karla_gonzales@gmail.com');
INSERT INTO CLIENTES ( CODCLI, NOMCLI, DNI, SEXO, DIREC, CODDIS, TELEF, EMAIL ) VALUES('C062','Victoria Ibañez','77275020','F','Jr.Las Perdices 141 ','D006','920040045','victoria_ibañez@gmail.com');
INSERT INTO CLIENTES ( CODCLI, NOMCLI, DNI, SEXO, DIREC, CODDIS, TELEF, EMAIL ) VALUES('C063','Victoria de la Cruz','77275021','F','Jr.Lima 134 ','D006','920040046','victoria_delacruz@gmail.com');
INSERT INTO CLIENTES ( CODCLI, NOMCLI, DNI, SEXO, DIREC, CODDIS, TELEF, EMAIL ) VALUES('C064','Mario Casas','77275022','M','Jr.Lima 908 ','D006','920040047','mario_casas@gmail.com');
INSERT INTO CLIENTES ( CODCLI, NOMCLI, DNI, SEXO, DIREC, CODDIS, TELEF, EMAIL ) VALUES('C065','Manuel Gutierrez','77275023','M','Jr.Las Perdices 142 ','D006','920040048','manuel_gutierrez@gmail.com');
INSERT INTO CLIENTES ( CODCLI, NOMCLI, DNI, SEXO, DIREC, CODDIS, TELEF, EMAIL ) VALUES('C066','Francisco Toledo','77275024','M','Jr. Las Golondrinas 123','D006','920040049','francisco_toledo@gmail.com');
INSERT INTO CLIENTES ( CODCLI, NOMCLI, DNI, SEXO, DIREC, CODDIS, TELEF, EMAIL ) VALUES('C067','Esteban Reyes','77275025','M','Jr.Las Perdices 123 ','D007','920040050','esteban_reyes@gmail.com');
INSERT INTO CLIENTES ( CODCLI, NOMCLI, DNI, SEXO, DIREC, CODDIS, TELEF, EMAIL ) VALUES('C068','Silvia Caceres','77275026','F','Jr.Las Golondrinas 324 ','D007','920040051','silvia_caceres@gmail.com');
INSERT INTO CLIENTES ( CODCLI, NOMCLI, DNI, SEXO, DIREC, CODDIS, TELEF, EMAIL ) VALUES('C069','Manuel Donayre','77275027','M','Jr.Pasllasca 150 ','D007','920040052','manuel_donayre@gmail.com');
INSERT INTO CLIENTES ( CODCLI, NOMCLI, DNI, SEXO, DIREC, CODDIS, TELEF, EMAIL ) VALUES('C070','Daniel Lazo','77275028','M','Jr.Rimac 125 ','D007','920040053','daniel_lazo@gmail.com');
INSERT INTO CLIENTES ( CODCLI, NOMCLI, DNI, SEXO, DIREC, CODDIS, TELEF, EMAIL ) VALUES('C071','Maria Ayllon','77275029','F','Jr.Rimac 802','D007','920040054','maria_ayllon@gmail.com');
INSERT INTO CLIENTES ( CODCLI, NOMCLI, DNI, SEXO, DIREC, CODDIS, TELEF, EMAIL ) VALUES('C072','Mario Alarcon','77275030','M','Jr.Piura 893 ','D007','920040055','mario_alarcon@gmail.com');
INSERT INTO CLIENTES ( CODCLI, NOMCLI, DNI, SEXO, DIREC, CODDIS, TELEF, EMAIL ) VALUES('C073','Nadine Heredia','77275031','F','Jr.Piura 189 ','D007','920040056','nadine_heredia@gmail.com');
INSERT INTO CLIENTES ( CODCLI, NOMCLI, DNI, SEXO, DIREC, CODDIS, TELEF, EMAIL ) VALUES('C074','Jose Gonzales','77275032','M','Jr.Ancash 692 ','D007','920040057','jose_gonzales@gmail.com');
INSERT INTO CLIENTES ( CODCLI, NOMCLI, DNI, SEXO, DIREC, CODDIS, TELEF, EMAIL ) VALUES('C075','Jerson Huanuqueño','77275033','M','Jr.Ancash 910 ','D008','920040058','jerson_huanuqueño@gmail.com');
INSERT INTO CLIENTES ( CODCLI, NOMCLI, DNI, SEXO, DIREC, CODDIS, TELEF, EMAIL ) VALUES('C076','Daniel Gente','77275034','M','Jr.Junin 982 ','D008','920040059','daniel_gente@gmail.com');
INSERT INTO CLIENTES ( CODCLI, NOMCLI, DNI, SEXO, DIREC, CODDIS, TELEF, EMAIL ) VALUES('C077','Ruben Flores','77275035','M','Jr. Junin 808 ','D008','920040060','ruben_flores@gmail.com');
INSERT INTO CLIENTES ( CODCLI, NOMCLI, DNI, SEXO, DIREC, CODDIS, TELEF, EMAIL ) VALUES('C078','Aron Zarsosa','77275036','M','Jr.Miroquesada 109 ','D008','920040061','aron_zarsosa@gmail.com');
INSERT INTO CLIENTES ( CODCLI, NOMCLI, DNI, SEXO, DIREC, CODDIS, TELEF, EMAIL ) VALUES('C079','Alex Cerron','77275037','M','Jr.Miroquesada 981 ','D008','920040062','alex_cerron@gmail.com');
INSERT INTO CLIENTES ( CODCLI, NOMCLI, DNI, SEXO, DIREC, CODDIS, TELEF, EMAIL ) VALUES('C080','Raul Aspilcueta','77275038','M','Jr. Italia 189 ','D008','920040063','raul_aspilcueta@gmail.com');
INSERT INTO CLIENTES ( CODCLI, NOMCLI, DNI, SEXO, DIREC, CODDIS, TELEF, EMAIL ) VALUES('C081','Lorenzo Wilmer','77275039','M','Jr. italia 930','D008','920040064','lorenzo_wilmer@gmail.com');
INSERT INTO CLIENTES ( CODCLI, NOMCLI, DNI, SEXO, DIREC, CODDIS, TELEF, EMAIL ) VALUES('C082','Jacinto Perez','77275040','M','Jr.Pasllasca 180 ','D008','920040065','jacinto_perez@gmail.com');
INSERT INTO CLIENTES ( CODCLI, NOMCLI, DNI, SEXO, DIREC, CODDIS, TELEF, EMAIL ) VALUES('C083','Mariza Ku','77275050','F','Jr. Francia 189 ','D008','920040066','mariza_ku@gmail.com');


-- INSERTANDO PERSONAL
INSERT INTO PERSONAL ( CODPER, NOMPER, DNI, SEXO, DIREC, CODDIS, TELEF, CODLOC, SUELDO ) VALUES('PS01','JUAN GOMEZ',72902652,'M','JR. SUPE 287','D001','945487992', 'L001', 3470.50) ; 
INSERT INTO PERSONAL ( CODPER, NOMPER, DNI, SEXO, DIREC, CODDIS, TELEF, CODLOC, SUELDO ) VALUES('PS02','ANA PONCE',70235967,'F','JR. YAUYOS 787','D001','943564826', 'L001', 1678.50);
INSERT INTO PERSONAL ( CODPER, NOMPER, DNI, SEXO, DIREC, CODDIS, TELEF, CODLOC, SUELDO ) VALUES('PS03','CARLOS RUIZ',72689532,'M','JR. ILO 652','D001','921411141', 'L002', 4470.50)   ;
INSERT INTO PERSONAL ( CODPER, NOMPER, DNI, SEXO, DIREC, CODDIS, TELEF, CODLOC, SUELDO ) VALUES('PS04','LUISA LANE',76325865,'F','JR. KENT 198','D001','932921952', 'L002', 2250.50)  ; 
INSERT INTO PERSONAL ( CODPER, NOMPER, DNI, SEXO, DIREC, CODDIS, TELEF, CODLOC, SUELDO ) VALUES('PS05','JAIRO SEVILLANO',71259684,'M','JR. ABC 287','D002','972740120', 'L003', 3470.50) ; 
INSERT INTO PERSONAL ( CODPER, NOMPER, DNI, SEXO, DIREC, CODDIS, TELEF, CODLOC, SUELDO ) VALUES('PS06','CLAUIDA OCAÑA',70238546,'F','JR. PLEYADE 787','D002','951815212', 'L003', 1678.50);
INSERT INTO PERSONAL ( CODPER, NOMPER, DNI, SEXO, DIREC, CODDIS, TELEF, CODLOC, SUELDO ) VALUES('PS07','FABRIZIO SEQUEIROS',71268936,'M','JR. PEDREROS 652','D002','976109457', 'L004', 4470.50)   ;
INSERT INTO PERSONAL ( CODPER, NOMPER, DNI, SEXO, DIREC, CODDIS, TELEF, CODLOC, SUELDO ) VALUES('PS08','ELIZABETH MARQUEZ',73568945,'F','JR. AMENDARIZ 198','D002','944448222', 'L004', 2250.50)  ; 
INSERT INTO PERSONAL ( CODPER, NOMPER, DNI, SEXO, DIREC, CODDIS, TELEF, CODLOC, SUELDO ) VALUES('PS09','CRISTHIAN CASTRO',70254965,'M','JR. YUNGAY 287','D003','999014096', 'L005', 3470.50) ; 
INSERT INTO PERSONAL ( CODPER, NOMPER, DNI, SEXO, DIREC, CODDIS, TELEF, CODLOC, SUELDO ) VALUES('PS10','MELISA BERNAL',71235466,'F','JR. CASMA 787','D003','961735665', 'L005', 1678.50);
INSERT INTO PERSONAL ( CODPER, NOMPER, DNI, SEXO, DIREC, CODDIS, TELEF, CODLOC, SUELDO ) VALUES('PS11','DIEGO CASTRO',78963524,'M','JR. VIRU 652','D003','936586669', 'L006', 4470.50)   ;
INSERT INTO PERSONAL ( CODPER, NOMPER, DNI, SEXO, DIREC, CODDIS, TELEF, CODLOC, SUELDO ) VALUES('PS12','MARIA CERNADEZ',72356485,'F','JR. CHIMU 198','D003','979361877', 'L006', 2250.50)  ; 
INSERT INTO PERSONAL ( CODPER, NOMPER, DNI, SEXO, DIREC, CODDIS, TELEF, CODLOC, SUELDO ) VALUES('PS13','JASON COSTAS',71456982,'M','JR. COSTE 287','D004','926972831', 'L007', 3470.50) ; 
INSERT INTO PERSONAL ( CODPER, NOMPER, DNI, SEXO, DIREC, CODDIS, TELEF, CODLOC, SUELDO ) VALUES('PS14','FIORELA SURCO',71234568,'F','JR. HUACHO 787','D004','998677169', 'L007', 1678.50);
INSERT INTO PERSONAL ( CODPER, NOMPER, DNI, SEXO, DIREC, CODDIS, TELEF, CODLOC, SUELDO ) VALUES('PS15','IVAN PABON',70015245,'M','JR. COISHCO 652','D004','995147390', 'L008', 4470.50)  ; 
INSERT INTO PERSONAL ( CODPER, NOMPER, DNI, SEXO, DIREC, CODDIS, TELEF, CODLOC, SUELDO ) VALUES('PS16','SOFIA TAMARIZ',71256485,'F','JR. BUENOS AIRES 198','D004','942638657', 'L008', 2250.50) ;  
INSERT INTO PERSONAL ( CODPER, NOMPER, DNI, SEXO, DIREC, CODDIS, TELEF, CODLOC, SUELDO ) VALUES('PS17','JAIME PAUCAR',72345685,'M','JR. ARBOLEDA 287','D005','957324061', 'L009', 3470.50);  
INSERT INTO PERSONAL ( CODPER, NOMPER, DNI, SEXO, DIREC, CODDIS, TELEF, CODLOC, SUELDO ) VALUES('PS18','ESTEFANY VASQUEZ',73456895,'F', 'JR. HUAYCAN 787','D005','940263297','L009', 1678.50);
INSERT INTO PERSONAL ( CODPER, NOMPER, DNI, SEXO, DIREC, CODDIS, TELEF, CODLOC, SUELDO ) VALUES('PS19','CARLOS VALUIS',71234568,'M','JR. ALPOSTE 652','D005','993235673', 'L010', 4470.50)   ;
INSERT INTO PERSONAL ( CODPER, NOMPER, DNI, SEXO, DIREC, CODDIS, TELEF, CODLOC, SUELDO ) VALUES('PS20','DANIELA RIVERA',75648549,'F','JR. CAIMANES 198','D005','922333067', 'L010', 2250.50)  ; 
INSERT INTO PERSONAL ( CODPER, NOMPER, DNI, SEXO, DIREC, CODDIS, TELEF, CODLOC, SUELDO ) VALUES('PS21','FELIPE BECERRA',70234586,'M','JR. CIPRESES 287','D006','949002237', 'L011', 3470.50) ; 
INSERT INTO PERSONAL ( CODPER, NOMPER, DNI, SEXO, DIREC, CODDIS, TELEF, CODLOC, SUELDO ) VALUES('PS22','SANDRA BARRIONUEVO',71234568,'F','JR. LAS DELICIAS 787','D006','993610111', 'L011', 1678.50);
INSERT INTO PERSONAL ( CODPER, NOMPER, DNI, SEXO, DIREC, CODDIS, TELEF, CODLOC, SUELDO ) VALUES('PS23','ALEJANDRO TIRAPO',76584965,'M','JR. CARMINES 652','D006','980592148', 'L012', 4470.50)   ;
INSERT INTO PERSONAL ( CODPER, NOMPER, DNI, SEXO, DIREC, CODDIS, TELEF, CODLOC, SUELDO ) VALUES('PS24','VANESA CHAVEZ',70234561,'F','JR. FAUCETT 198','D006','960520156', 'L012', 2250.50)  ; 
INSERT INTO PERSONAL ( CODPER, NOMPER, DNI, SEXO, DIREC, CODDIS, TELEF, CODLOC, SUELDO ) VALUES('PS25','DIEGO MIRANDA',71289346,'M','JR. SAN JUAN 287','D007','920314171', 'L013', 3470.50) ; 
INSERT INTO PERSONAL ( CODPER, NOMPER, DNI, SEXO, DIREC, CODDIS, TELEF, CODLOC, SUELDO ) VALUES('PS26','MARIBEL HERNANDEZ',70154624,'F','JR. VILLA MARIA 787','D007','940786230', 'L013', 1678.50);
INSERT INTO PERSONAL ( CODPER, NOMPER, DNI, SEXO, DIREC, CODDIS, TELEF, CODLOC, SUELDO ) VALUES('PS27','EDGAR GUERRA',70023458,'M','JR. CARRERA 652','D007','990777175', 'L014', 4470.50)   ;
INSERT INTO PERSONAL ( CODPER, NOMPER, DNI, SEXO, DIREC, CODDIS, TELEF, CODLOC, SUELDO ) VALUES('PS28','CARMEN LAU',71115425,'F','JR. CENTRAL 198','D007','949038476', 'L014', 2250.50)  ; 
INSERT INTO PERSONAL ( CODPER, NOMPER, DNI, SEXO, DIREC, CODDIS, TELEF, CODLOC, SUELDO ) VALUES('PS29','LUIS FERNANDEZ',78546845,'M','JR. PERIODISTA 287','D008','997181781', 'L015', 3470.50) ; 
INSERT INTO PERSONAL ( CODPER, NOMPER, DNI, SEXO, DIREC, CODDIS, TELEF, CODLOC, SUELDO ) VALUES('PS30','MARIA EGUSQUIZA',76694584,'F','JR. INGENIERIA 787','D008','991638554', 'L015', 1678.50);
INSERT INTO PERSONAL ( CODPER, NOMPER, DNI, SEXO, DIREC, CODDIS, TELEF, CODLOC, SUELDO ) VALUES('PS31','WALDO RODRIGUEZ',71246584,'M','JR. ALCIDES 652','D008','920048635', 'L016', 4470.50)   ;
INSERT INTO PERSONAL ( CODPER, NOMPER, DNI, SEXO, DIREC, CODDIS, TELEF, CODLOC, SUELDO ) VALUES('PS32','GLORIA HUAMANI',73468549,'F','JR. CAYETANO 198','D008','977733085', 'L016', 2250.50)   ;
 

 --INSERTANDO PROVEEDORES
INSERT INTO PROVEEDORES ( CODPROV, NOMPROV, RUC, DIREC, CODDIS, TELEF, EMAIL, CONTACTO ) VALUES ('S001','ALICORP','9456312584','AV.ARGENTINA 4793','D002','965823654','alicorp@ventas.pe','Luis Bedoya');
INSERT INTO PROVEEDORES ( CODPROV, NOMPROV, RUC, DIREC, CODDIS, TELEF, EMAIL, CONTACTO ) VALUES ('S002','MONDELEZ','6485913425','AV.BOLIVIA 4125','D001','945781246','mondelez@ventas.pe','Enrique Thais');
INSERT INTO PROVEEDORES ( CODPROV, NOMPROV, RUC, DIREC, CODDIS, TELEF, EMAIL, CONTACTO ) VALUES ('S003','PYG','7234586195','AV.BRASIL 136','D001','999124563','procterandgamble@ventas.pe','Orlando Torres');
INSERT INTO PROVEEDORES ( CODPROV, NOMPROV, RUC, DIREC, CODDIS, TELEF, EMAIL, CONTACTO ) VALUES ('S004','INTRADEVCO','9423567854','AV.URUGUAY 1258','D003','997546814','intradevco@ventas.pe','Marco Sparza');
INSERT INTO PROVEEDORES ( CODPROV, NOMPROV, RUC, DIREC, CODDIS, TELEF, EMAIL, CONTACTO ) VALUES ('S005','GLORIA','8854327914','AV.PERU 4968','D004','966431254','gloria@ventas.pe','Enrique Alania');
INSERT INTO PROVEEDORES ( CODPROV, NOMPROV, RUC, DIREC, CODDIS, TELEF, EMAIL, CONTACTO ) VALUES ('S006','COCA COLA COMPANY','7764581244','AV.CANADA 3265','D003','993425168','cocacolacompany@ventas.pe','Elon Musk');
INSERT INTO PROVEEDORES ( CODPROV, NOMPROV, RUC, DIREC, CODDIS, TELEF, EMAIL, CONTACTO ) VALUES ('S007','YICHANG','9688543211','AV.VENEZUELA 2185','D005','945261854','yichang@ventas.pe','Freddy Merz');
INSERT INTO PROVEEDORES ( CODPROV, NOMPROV, RUC, DIREC, CODDIS, TELEF, EMAIL, CONTACTO ) VALUES ('S008','DESTILERIAS UNIDAS','7778453169','AV.HONDURAS 1845','D006','933215468','destileriasunidas@ventas.pe','David Ruiz');
INSERT INTO PROVEEDORES ( CODPROV, NOMPROV, RUC, DIREC, CODDIS, TELEF, EMAIL, CONTACTO ) VALUES ('S009','UNILEVER','7666458712','AV.CARTAGENA 3248','D006','955364218','unilever@ventas.pe','Hans Gut');
INSERT INTO PROVEEDORES ( CODPROV, NOMPROV, RUC, DIREC, CODDIS, TELEF, EMAIL, CONTACTO ) VALUES ('S010','BRITISH AMERICAN TOBACCO','9945768452','AV.PUERTO RICO 1234','D007','974581321','batperu@ventas.pe','Charles Perez');


-- INSERTANDO  MARCAS
INSERT INTO MARCAS ( CODMAR, NOMMAR ) VALUES('M001','OREO');
INSERT INTO MARCAS ( CODMAR, NOMMAR ) VALUES('M002','MARGARITA');
INSERT INTO MARCAS ( CODMAR, NOMMAR ) VALUES('M003','RITZ');
INSERT INTO MARCAS ( CODMAR, NOMMAR ) VALUES('M004','CASINO');
INSERT INTO MARCAS ( CODMAR, NOMMAR ) VALUES('M005','GLACITAS');
INSERT INTO MARCAS ( CODMAR, NOMMAR ) VALUES('M006','SAPOLIO');
INSERT INTO MARCAS ( CODMAR, NOMMAR ) VALUES('M007','ACE');
INSERT INTO MARCAS ( CODMAR, NOMMAR ) VALUES('M008','BOLIVAR');
INSERT INTO MARCAS ( CODMAR, NOMMAR ) VALUES('M009','MARSELLA');
INSERT INTO MARCAS ( CODMAR, NOMMAR ) VALUES('M010','OPAL');
INSERT INTO MARCAS ( CODMAR, NOMMAR ) VALUES('M011','GLORIA');
INSERT INTO MARCAS ( CODMAR, NOMMAR ) VALUES('M012','LAIVE');
INSERT INTO MARCAS ( CODMAR, NOMMAR ) VALUES('M013','PURA VIDA');
INSERT INTO MARCAS ( CODMAR, NOMMAR ) VALUES('M014','NESTLE');
INSERT INTO MARCAS ( CODMAR, NOMMAR ) VALUES('M015','IDEAL');
INSERT INTO MARCAS ( CODMAR, NOMMAR ) VALUES('M016','INCA KOLA');
INSERT INTO MARCAS ( CODMAR, NOMMAR ) VALUES('M017','COCA COLA');
INSERT INTO MARCAS ( CODMAR, NOMMAR ) VALUES('M018','SPRITE');
INSERT INTO MARCAS ( CODMAR, NOMMAR ) VALUES('M019','CRUSH');
INSERT INTO MARCAS ( CODMAR, NOMMAR ) VALUES('M020','FANTA');
INSERT INTO MARCAS ( CODMAR, NOMMAR ) VALUES('M021','CAMPOMAR');
INSERT INTO MARCAS ( CODMAR, NOMMAR ) VALUES('M022','REAL');
INSERT INTO MARCAS ( CODMAR, NOMMAR ) VALUES('M023','FLORIDA');
INSERT INTO MARCAS ( CODMAR, NOMMAR ) VALUES('M024','FANNY');
INSERT INTO MARCAS ( CODMAR, NOMMAR ) VALUES('M025','COMPASS');
INSERT INTO MARCAS ( CODMAR, NOMMAR ) VALUES('M026','RUSSKAYA');
INSERT INTO MARCAS ( CODMAR, NOMMAR ) VALUES('M027','CHIVAS REGAL');
INSERT INTO MARCAS ( CODMAR, NOMMAR ) VALUES('M028','RED LABEL');
INSERT INTO MARCAS ( CODMAR, NOMMAR ) VALUES('M029','SMIRNOFF');
INSERT INTO MARCAS ( CODMAR, NOMMAR ) VALUES('M030','JACK DANIELS');
INSERT INTO MARCAS ( CODMAR, NOMMAR ) VALUES('M031','NIVEA');
INSERT INTO MARCAS ( CODMAR, NOMMAR ) VALUES('M032','NEKO');
INSERT INTO MARCAS ( CODMAR, NOMMAR ) VALUES('M033','DOVE');
INSERT INTO MARCAS ( CODMAR, NOMMAR ) VALUES('M034','PROTEX');
INSERT INTO MARCAS ( CODMAR, NOMMAR ) VALUES('M035','CAMAY');
INSERT INTO MARCAS ( CODMAR, NOMMAR ) VALUES('M036','PAISANA');
INSERT INTO MARCAS ( CODMAR, NOMMAR ) VALUES('M037','COSTEÑO');
INSERT INTO MARCAS ( CODMAR, NOMMAR ) VALUES('M038','LAVAGGI');
INSERT INTO MARCAS ( CODMAR, NOMMAR ) VALUES('M039','DON VITTORIO');
INSERT INTO MARCAS ( CODMAR, NOMMAR ) VALUES('M040','SAYON');
INSERT INTO MARCAS ( CODMAR, NOMMAR ) VALUES('M041','LUCKY STRIKE');
INSERT INTO MARCAS ( CODMAR, NOMMAR ) VALUES('M042','MARLBORO');
INSERT INTO MARCAS ( CODMAR, NOMMAR ) VALUES('M043','HAMILTON');
INSERT INTO MARCAS ( CODMAR, NOMMAR ) VALUES('M044','RICOCAN');
INSERT INTO MARCAS ( CODMAR, NOMMAR ) VALUES('M045','MIMASKOT');
INSERT INTO MARCAS ( CODMAR, NOMMAR ) VALUES('M046','DOGCHOW');
INSERT INTO MARCAS ( CODMAR, NOMMAR ) VALUES('M047','PROPLAN');
INSERT INTO MARCAS ( CODMAR, NOMMAR ) VALUES('M058','PEDIGREE');



--INSERTANDO CATEGORIAS
INSERT INTO CATEGORIAS ( CODCAT, NOMCAT ) VALUES('C001','GOLOSINAS');
INSERT INTO CATEGORIAS ( CODCAT, NOMCAT ) VALUES('C002','DETERGENTES');
INSERT INTO CATEGORIAS ( CODCAT, NOMCAT ) VALUES('C003','LACTEOS');
INSERT INTO CATEGORIAS ( CODCAT, NOMCAT ) VALUES('C004','GASEOSAS');
INSERT INTO CATEGORIAS ( CODCAT, NOMCAT ) VALUES('C005','CONSERVAS');
INSERT INTO CATEGORIAS ( CODCAT, NOMCAT ) VALUES('C006','LICORES');
INSERT INTO CATEGORIAS ( CODCAT, NOMCAT ) VALUES('C007','HIGIENE');
INSERT INTO CATEGORIAS ( CODCAT, NOMCAT ) VALUES('C008','CEREALES');
INSERT INTO CATEGORIAS ( CODCAT, NOMCAT ) VALUES('C009','CIGARRILLOS');
INSERT INTO CATEGORIAS ( CODCAT, NOMCAT ) VALUES('C010','MASCOTA');


-- INSERTANDO PRODUCTOS
INSERT INTO PRODUCTOS ( CODPROD, NOMPROD, CODMAR, CODCAT, PRECIO, STOCK ) VALUES('P001','GALLETA OREO CLASICA','M001','C001', 0.7, 150);
INSERT INTO PRODUCTOS ( CODPROD, NOMPROD, CODMAR, CODCAT, PRECIO, STOCK ) VALUES('P002','GALLETA OREO CHOCOLATE','M001','C001', 0.7, 100);
INSERT INTO PRODUCTOS ( CODPROD, NOMPROD, CODMAR, CODCAT, PRECIO, STOCK ) VALUES('P003','GALLETA MARGARITA','M002','C001', 0.5, 30);
INSERT INTO PRODUCTOS ( CODPROD, NOMPROD, CODMAR, CODCAT, PRECIO, STOCK ) VALUES('P004','GALLETA MINIMARGARITA','M002','C001', 1.0, 200);
INSERT INTO PRODUCTOS ( CODPROD, NOMPROD, CODMAR, CODCAT, PRECIO, STOCK ) VALUES('P005','GALLETA RITZ','M003','C001', 0.5, 180);
INSERT INTO PRODUCTOS ( CODPROD, NOMPROD, CODMAR, CODCAT, PRECIO, STOCK ) VALUES('P006','GALLETA MINIRITZ','M003','C001', 1.0, 150);
INSERT INTO PRODUCTOS ( CODPROD, NOMPROD, CODMAR, CODCAT, PRECIO, STOCK ) VALUES('P007','GALLETA CASINO FRESA','M004','C001', 0.7, 100);
INSERT INTO PRODUCTOS ( CODPROD, NOMPROD, CODMAR, CODCAT, PRECIO, STOCK ) VALUES('P008','GALLETA CASINO VAINILLA','M004','C001', 0.7, 130);
INSERT INTO PRODUCTOS ( CODPROD, NOMPROD, CODMAR, CODCAT, PRECIO, STOCK ) VALUES('P009','GALLETA GLACITAS','M005','C001', 0.7, 200);
INSERT INTO PRODUCTOS ( CODPROD, NOMPROD, CODMAR, CODCAT, PRECIO, STOCK ) VALUES('P010','GALLETA MINIGLACITAS','M005','C001', 1.2, 80);
INSERT INTO PRODUCTOS ( CODPROD, NOMPROD, CODMAR, CODCAT, PRECIO, STOCK ) VALUES('P011','DETERGENTE 400G SAPOLIO ','M006','C002', 1.2, 50);
INSERT INTO PRODUCTOS ( CODPROD, NOMPROD, CODMAR, CODCAT, PRECIO, STOCK ) VALUES('P012','DETERGENTE 4KG SAPOLIO','M006','C002', 8, 100);
INSERT INTO PRODUCTOS ( CODPROD, NOMPROD, CODMAR, CODCAT, PRECIO, STOCK ) VALUES('P013','DETERGENTE 400G ACE','M007','C002', 1.3, 60);
INSERT INTO PRODUCTOS ( CODPROD, NOMPROD, CODMAR, CODCAT, PRECIO, STOCK ) VALUES('P014','DETERGENTE 4KG ACE','M007','C002', 8, 120);
INSERT INTO PRODUCTOS ( CODPROD, NOMPROD, CODMAR, CODCAT, PRECIO, STOCK ) VALUES('P015','DETERGENTE 400G BOLIVAR','M008','C002', 1.0, 150);
INSERT INTO PRODUCTOS ( CODPROD, NOMPROD, CODMAR, CODCAT, PRECIO, STOCK ) VALUES('P016','DETERGENTE 4KG BOLIVAR','M008','C002', 7.0, 50);
INSERT INTO PRODUCTOS ( CODPROD, NOMPROD, CODMAR, CODCAT, PRECIO, STOCK ) VALUES('P017','DETERGENTE 400G MARSELLA','M009','C002', 1.2, 130);
INSERT INTO PRODUCTOS ( CODPROD, NOMPROD, CODMAR, CODCAT, PRECIO, STOCK ) VALUES('P018','DETERGENTE 4KG MARSELLA','M009','C002', 5.0, 30);
INSERT INTO PRODUCTOS ( CODPROD, NOMPROD, CODMAR, CODCAT, PRECIO, STOCK ) VALUES('P019','DETERGENTE 400G OPAL','M010','C002', 1.0, 180);
INSERT INTO PRODUCTOS ( CODPROD, NOMPROD, CODMAR, CODCAT, PRECIO, STOCK ) VALUES('P020','DETERGENTE 4KG OPAL','M010','C002', 5.2, 80);
INSERT INTO PRODUCTOS ( CODPROD, NOMPROD, CODMAR, CODCAT, PRECIO, STOCK ) VALUES('P021','LECHE GLORIA CAJA','M011','C003', 1.5, 50);
INSERT INTO PRODUCTOS ( CODPROD, NOMPROD, CODMAR, CODCAT, PRECIO, STOCK ) VALUES('P022','LECHE GLORIA TARRO','M011','C003', 2.5, 100);
INSERT INTO PRODUCTOS ( CODPROD, NOMPROD, CODMAR, CODCAT, PRECIO, STOCK ) VALUES('P023','LECHE LAIVE CAJA','M012','C003', 1.6, 130);
INSERT INTO PRODUCTOS ( CODPROD, NOMPROD, CODMAR, CODCAT, PRECIO, STOCK ) VALUES('P024','LECHE LAIVE TARRO','M012','C003', 2.6, 70);
INSERT INTO PRODUCTOS ( CODPROD, NOMPROD, CODMAR, CODCAT, PRECIO, STOCK ) VALUES('P025','LECHE PURA VIDA CAJA','M013','C003', 1.2, 80);
INSERT INTO PRODUCTOS ( CODPROD, NOMPROD, CODMAR, CODCAT, PRECIO, STOCK ) VALUES('P026','LECHE PURA VIDA TARRO','M013','C003', 2.2, 50);
INSERT INTO PRODUCTOS ( CODPROD, NOMPROD, CODMAR, CODCAT, PRECIO, STOCK ) VALUES('P027','LECHE NESTLE CAJA','M014','C003', 1.1, 100);
INSERT INTO PRODUCTOS ( CODPROD, NOMPROD, CODMAR, CODCAT, PRECIO, STOCK ) VALUES('P028','LECHE NESTLE VIDA TARRO','M014','C003', 2.1, 80);
INSERT INTO PRODUCTOS ( CODPROD, NOMPROD, CODMAR, CODCAT, PRECIO, STOCK ) VALUES('P029','LECHE IDEAL CAJA','M015','C003', 1.3, 90);
INSERT INTO PRODUCTOS ( CODPROD, NOMPROD, CODMAR, CODCAT, PRECIO, STOCK ) VALUES('P030','LECHE IDEAL TARRO','M015','C003', 2.3, 80);
INSERT INTO PRODUCTOS ( CODPROD, NOMPROD, CODMAR, CODCAT, PRECIO, STOCK ) VALUES('P031','GASEOSA INCA KOLA PERSONAL','M016','C004', 2.0, 150);
INSERT INTO PRODUCTOS ( CODPROD, NOMPROD, CODMAR, CODCAT, PRECIO, STOCK ) VALUES('P032','GASEOSA INCA KOLA 3 L','M016','C004', 7.0, 100);
INSERT INTO PRODUCTOS ( CODPROD, NOMPROD, CODMAR, CODCAT, PRECIO, STOCK ) VALUES('P033','GASEOSA COCA COLA PERSONAL','M017','C004', 2.0, 200);
INSERT INTO PRODUCTOS ( CODPROD, NOMPROD, CODMAR, CODCAT, PRECIO, STOCK ) VALUES('P034','GASEOSA COCA COLA 3 L','M017','C004', 7.2, 54);
INSERT INTO PRODUCTOS ( CODPROD, NOMPROD, CODMAR, CODCAT, PRECIO, STOCK ) VALUES('P035','GASEOSA SPRITE PERSONAL','M018','C004', 2.0, 230);
INSERT INTO PRODUCTOS ( CODPROD, NOMPROD, CODMAR, CODCAT, PRECIO, STOCK ) VALUES('P036','GASEOSA SPRITE 3 L','M018','C004', 6.8, 60);
INSERT INTO PRODUCTOS ( CODPROD, NOMPROD, CODMAR, CODCAT, PRECIO, STOCK ) VALUES('P037','GASEOSA CRUSH PERSONAL','M019','C004', 2.0, 180);
INSERT INTO PRODUCTOS ( CODPROD, NOMPROD, CODMAR, CODCAT, PRECIO, STOCK ) VALUES('P038','GASEOSA CRUSH 3 L','M019','C004', 5.6, 70);
INSERT INTO PRODUCTOS ( CODPROD, NOMPROD, CODMAR, CODCAT, PRECIO, STOCK ) VALUES('P039','GASEOSA FANTA PERSONAL','M020','C004', 2.0, 200);
INSERT INTO PRODUCTOS ( CODPROD, NOMPROD, CODMAR, CODCAT, PRECIO, STOCK ) VALUES('P040','GASEOSA FANTA 3L','M020','C004', 6.4, 80);
INSERT INTO PRODUCTOS ( CODPROD, NOMPROD, CODMAR, CODCAT, PRECIO, STOCK ) VALUES('P041','ATUN FILETE CAMPOMAR','M021','C005', 5.0, 109);
INSERT INTO PRODUCTOS ( CODPROD, NOMPROD, CODMAR, CODCAT, PRECIO, STOCK ) VALUES('P042','ATUN TROZOS CAMPOMAR','M021','C005', 4.0, 100);
INSERT INTO PRODUCTOS ( CODPROD, NOMPROD, CODMAR, CODCAT, PRECIO, STOCK ) VALUES('P043','ATUN FILETE REAL','M022','C005', 5.1, 112);
INSERT INTO PRODUCTOS ( CODPROD, NOMPROD, CODMAR, CODCAT, PRECIO, STOCK ) VALUES('P044','ATUN TROZOS REAL','M022','C005', 4.2, 135);
INSERT INTO PRODUCTOS ( CODPROD, NOMPROD, CODMAR, CODCAT, PRECIO, STOCK ) VALUES('P045','ATUN FILETE FLORIDA','M023','C005', 5.2, 120);
INSERT INTO PRODUCTOS ( CODPROD, NOMPROD, CODMAR, CODCAT, PRECIO, STOCK ) VALUES('P046','ATUN TROZOS FLORIDA','M023','C005', 4.3, 184);
INSERT INTO PRODUCTOS ( CODPROD, NOMPROD, CODMAR, CODCAT, PRECIO, STOCK ) VALUES('P047','ATUN FILETE FANNY','M024','C005', 4.9, 180);
INSERT INTO PRODUCTOS ( CODPROD, NOMPROD, CODMAR, CODCAT, PRECIO, STOCK ) VALUES('P048','ATUN TROZOS FANNY','M024','C005', 3.9, 260);
INSERT INTO PRODUCTOS ( CODPROD, NOMPROD, CODMAR, CODCAT, PRECIO, STOCK ) VALUES('P049','ATUN FILETE COMPASS','M025','C005', 4.7, 120);
INSERT INTO PRODUCTOS ( CODPROD, NOMPROD, CODMAR, CODCAT, PRECIO, STOCK ) VALUES('P050','ATUN TROZOS COMPASS','M025','C005', 4.0, 100);
INSERT INTO PRODUCTOS ( CODPROD, NOMPROD, CODMAR, CODCAT, PRECIO, STOCK ) VALUES('P051','VODKA RUSSKAYA 300ML','M026','C006', 18, 96);
INSERT INTO PRODUCTOS ( CODPROD, NOMPROD, CODMAR, CODCAT, PRECIO, STOCK ) VALUES('P052','VODKA RUSSKAYA 600ML','M026','C006', 35, 48);
INSERT INTO PRODUCTOS ( CODPROD, NOMPROD, CODMAR, CODCAT, PRECIO, STOCK ) VALUES('P053','WHISKY CHIVAS REGAL 300ML','M027','C006', 50, 56);
INSERT INTO PRODUCTOS ( CODPROD, NOMPROD, CODMAR, CODCAT, PRECIO, STOCK ) VALUES('P054','WHISKY CHIVAS REGAL 600 ML','M027','C006', 100, 26);
INSERT INTO PRODUCTOS ( CODPROD, NOMPROD, CODMAR, CODCAT, PRECIO, STOCK ) VALUES('P055','WHISKY RED LABEL 300 ML','M028','C006', 20, 35);
INSERT INTO PRODUCTOS ( CODPROD, NOMPROD, CODMAR, CODCAT, PRECIO, STOCK ) VALUES('P056','WHISKY RED LABEL 600 ML','M028','C006', 35, 52);
INSERT INTO PRODUCTOS ( CODPROD, NOMPROD, CODMAR, CODCAT, PRECIO, STOCK ) VALUES('P057','VODKA SMIRNOFF 300 ML','M029','C006', 40, 48);
INSERT INTO PRODUCTOS ( CODPROD, NOMPROD, CODMAR, CODCAT, PRECIO, STOCK ) VALUES('P058','VODKA SMIRNOFF 600ML','M029','C006', 70, 50);
INSERT INTO PRODUCTOS ( CODPROD, NOMPROD, CODMAR, CODCAT, PRECIO, STOCK ) VALUES('P059','WHISKY JACK DANIELS 300 ML','M030','C006', 55, 40);
INSERT INTO PRODUCTOS ( CODPROD, NOMPROD, CODMAR, CODCAT, PRECIO, STOCK ) VALUES('P060','WHISKY JACK DANIELS 600 ML','M030','C006', 95, 40);
INSERT INTO PRODUCTOS ( CODPROD, NOMPROD, CODMAR, CODCAT, PRECIO, STOCK ) VALUES('P061','JABON NIVEA NEUTRO','M031','C007', 2.5, 200);
INSERT INTO PRODUCTOS ( CODPROD, NOMPROD, CODMAR, CODCAT, PRECIO, STOCK ) VALUES('P062','JABON NIVEA ROSA','M031','C007', 2.5, 210);
INSERT INTO PRODUCTOS ( CODPROD, NOMPROD, CODMAR, CODCAT, PRECIO, STOCK ) VALUES('P063','JABON NEKO NEUTRO. NEGRA','M032','C007', 3.0, 160);
INSERT INTO PRODUCTOS ( CODPROD, NOMPROD, CODMAR, CODCAT, PRECIO, STOCK ) VALUES('P064','JABON NEKO AZUL','M032','C007', 3.0, 150);
INSERT INTO PRODUCTOS ( CODPROD, NOMPROD, CODMAR, CODCAT, PRECIO, STOCK ) VALUES('P065','JABON DOVE ROSA','M033','C007', 3.1, 150);
INSERT INTO PRODUCTOS ( CODPROD, NOMPROD, CODMAR, CODCAT, PRECIO, STOCK ) VALUES('P066','JABON DOVE AZUL','M033','C003', 3.1, 120);
INSERT INTO PRODUCTOS ( CODPROD, NOMPROD, CODMAR, CODCAT, PRECIO, STOCK ) VALUES('P067','JABON PROTEX NEUTRO','M034','C007', 2.6, 230);
INSERT INTO PRODUCTOS ( CODPROD, NOMPROD, CODMAR, CODCAT, PRECIO, STOCK ) VALUES('P068','JABON PROTEX AMARILLO','M034','C007', 2.6, 260);
INSERT INTO PRODUCTOS ( CODPROD, NOMPROD, CODMAR, CODCAT, PRECIO, STOCK ) VALUES('P069','JABON CAMAY ROSA','M035','C007', 2.3, 350);
INSERT INTO PRODUCTOS ( CODPROD, NOMPROD, CODMAR, CODCAT, PRECIO, STOCK ) VALUES('P070','JABON CAMAY AZUL','M035','C007', 2.3, 200);
INSERT INTO PRODUCTOS ( CODPROD, NOMPROD, CODMAR, CODCAT, PRECIO, STOCK ) VALUES('P071','ARROZ PAISANA','M036','C008', 2.3, 100);
INSERT INTO PRODUCTOS ( CODPROD, NOMPROD, CODMAR, CODCAT, PRECIO, STOCK ) VALUES('P072','ARROZ COSTEÑO','M037','C008', 2.7, 110);
INSERT INTO PRODUCTOS ( CODPROD, NOMPROD, CODMAR, CODCAT, PRECIO, STOCK ) VALUES('P073','FIDEOS LAVAGGI','M038','C008', 1.5, 120);
INSERT INTO PRODUCTOS ( CODPROD, NOMPROD, CODMAR, CODCAT, PRECIO, STOCK ) VALUES('P074','FIDEOS DON VITTORIO','M039','C008', 1.8, 150);
INSERT INTO PRODUCTOS ( CODPROD, NOMPROD, CODMAR, CODCAT, PRECIO, STOCK ) VALUES('P075','FIDEOS SAYON','M040','C008', 2.0, 180);
INSERT INTO PRODUCTOS ( CODPROD, NOMPROD, CODMAR, CODCAT, PRECIO, STOCK ) VALUES('P076','PAQUETE CIGARROS LUCKY STRIKE','M041','C009', 3.2, 200);
INSERT INTO PRODUCTOS ( CODPROD, NOMPROD, CODMAR, CODCAT, PRECIO, STOCK ) VALUES('P077','PAQUETE DE CIGARROS MARLBORO','M042','C009', 3.5, 200);
INSERT INTO PRODUCTOS ( CODPROD, NOMPROD, CODMAR, CODCAT, PRECIO, STOCK ) VALUES('P078','PAQUETE DE CIGARROS HAMILTON','M043','C009', 3.3, 200);
INSERT INTO PRODUCTOS ( CODPROD, NOMPROD, CODMAR, CODCAT, PRECIO, STOCK ) VALUES('P079','PAQUETE RICOCAN','M044','C010', 8.0, 65);
INSERT INTO PRODUCTOS ( CODPROD, NOMPROD, CODMAR, CODCAT, PRECIO, STOCK ) VALUES('P080','PAQUETE MIMASKOT','M045','C010', 7.9, 68);
INSERT INTO PRODUCTOS ( CODPROD, NOMPROD, CODMAR, CODCAT, PRECIO, STOCK ) VALUES('P081','PAQUETE DOGCHOW','M046','C010', 6.5, 59);
INSERT INTO PRODUCTOS ( CODPROD, NOMPROD, CODMAR, CODCAT, PRECIO, STOCK ) VALUES('P082','PAQUETE PROPLAN','M047','C010', 10.0, 80);


--INSERTANDO VALORES EN TABLA FORMAS DE PAGO
INSERT INTO FORMASDEPAGO ( CODFOR, NOMFOR ) VALUES ('F001','Efectivo');
INSERT INTO FORMASDEPAGO ( CODFOR, NOMFOR ) VALUES ('F002','Tarjeta Credito');
INSERT INTO FORMASDEPAGO ( CODFOR, NOMFOR ) VALUES ('F003','Tarjeta Debito');


-- INSERTANDO COMPROBANTES CABECERA
INSERT INTO COMPROBANTECABECERA ( CODCOMPR, CODCLI, CODPER, CODLOC, CODFOR, TIPO_COM, FECHA ) VALUES('CMP001', 'C001','PS03','L002','F001','F',TO_DATE('12/7/15','mm,dd,yyyy'));
INSERT INTO COMPROBANTECABECERA ( CODCOMPR, CODCLI, CODPER, CODLOC, CODFOR, TIPO_COM, FECHA ) VALUES('CMP002', 'C002','PS02','L001','F002','B',to_date('10/27/15','mm,dd,yyyy'))  ;
INSERT INTO COMPROBANTECABECERA ( CODCOMPR, CODCLI, CODPER, CODLOC, CODFOR, TIPO_COM, FECHA ) VALUES('CMP003', 'C003','PS05','L003','F003','T',to_date('11/26/15','mm,dd,yyyy')) ;
INSERT INTO COMPROBANTECABECERA ( CODCOMPR, CODCLI, CODPER, CODLOC, CODFOR, TIPO_COM, FECHA ) VALUES('CMP004', 'C001','PS02','L001','F001','F',to_date('11/7/15','mm,dd,yyyy'));
INSERT INTO COMPROBANTECABECERA ( CODCOMPR, CODCLI, CODPER, CODLOC, CODFOR, TIPO_COM, FECHA ) VALUES('CMP005', 'C005','PS10','L005','F001','F',to_date('12/7/15','mm,dd,yyyy'));
INSERT INTO COMPROBANTECABECERA ( CODCOMPR, CODCLI, CODPER, CODLOC, CODFOR, TIPO_COM, FECHA ) VALUES('CMP006', 'C006','PS11','L006','F001','F',to_date('11/6/15','mm,dd,yyyy'));
INSERT INTO COMPROBANTECABECERA ( CODCOMPR, CODCLI, CODPER, CODLOC, CODFOR, TIPO_COM, FECHA ) VALUES('CMP007', 'C007','PS13','L007','F001','F',to_date('12/7/15','mm,dd,yyyy'));
INSERT INTO COMPROBANTECABECERA ( CODCOMPR, CODCLI, CODPER, CODLOC, CODFOR, TIPO_COM, FECHA ) VALUES('CMP008', 'C008','PS15','L008','F001','B',to_date('12/9/15','mm,dd,yyyy'));
INSERT INTO COMPROBANTECABECERA ( CODCOMPR, CODCLI, CODPER, CODLOC, CODFOR, TIPO_COM, FECHA ) VALUES('CMP009', 'C009','PS18','L009','F001','F',to_date('11/2/15','mm,dd,yyyy'));
INSERT INTO COMPROBANTECABECERA ( CODCOMPR, CODCLI, CODPER, CODLOC, CODFOR, TIPO_COM, FECHA ) VALUES('CMP010', 'C010','PS19','L010','F001','F',to_date('12/6/15','mm,dd,yyyy'));
INSERT INTO COMPROBANTECABECERA ( CODCOMPR, CODCLI, CODPER, CODLOC, CODFOR, TIPO_COM, FECHA ) VALUES('CMP011', 'C011','PS22','L011','F001','B',to_date('12/8/15','mm,dd,yyyy'));
INSERT INTO COMPROBANTECABECERA ( CODCOMPR, CODCLI, CODPER, CODLOC, CODFOR, TIPO_COM, FECHA ) VALUES('CMP012', 'C012','PS24','L012','F001','F',to_date('12/8/15','mm,dd,yyyy'));
INSERT INTO COMPROBANTECABECERA ( CODCOMPR, CODCLI, CODPER, CODLOC, CODFOR, TIPO_COM, FECHA ) VALUES('CMP013', 'C013','PS25','L013','F001','B',to_date('12/9/15','mm,dd,yyyy'));
INSERT INTO COMPROBANTECABECERA ( CODCOMPR, CODCLI, CODPER, CODLOC, CODFOR, TIPO_COM, FECHA ) VALUES('CMP014', 'C014','PS27','L014','F001','F',to_date('12/12/15','mm,dd,yyyy'));
INSERT INTO COMPROBANTECABECERA ( CODCOMPR, CODCLI, CODPER, CODLOC, CODFOR, TIPO_COM, FECHA ) VALUES('CMP015', 'C015','PS30','L015','F001','F',to_date('12/8/15','mm,dd,yyyy'));
INSERT INTO COMPROBANTECABECERA ( CODCOMPR, CODCLI, CODPER, CODLOC, CODFOR, TIPO_COM, FECHA ) VALUES('CMP016', 'C016','PS31','L016','F001','F',to_date('2/9/15','mm,dd,yyyy'));
INSERT INTO COMPROBANTECABECERA ( CODCOMPR, CODCLI, CODPER, CODLOC, CODFOR, TIPO_COM, FECHA ) VALUES('CMP017', 'C017','PS02','L001','F001','F',to_date('12/7/15','mm,dd,yyyy'));
INSERT INTO COMPROBANTECABECERA ( CODCOMPR, CODCLI, CODPER, CODLOC, CODFOR, TIPO_COM, FECHA ) VALUES('CMP018', 'C018','PS04','L002','F001','F',to_date('11/7/14','mm,dd,yyyy'));
INSERT INTO COMPROBANTECABECERA ( CODCOMPR, CODCLI, CODPER, CODLOC, CODFOR, TIPO_COM, FECHA ) VALUES('CMP019', 'C019','PS06','L003','F001','F',to_date('12/3/13','mm,dd,yyyy'));
INSERT INTO COMPROBANTECABECERA ( CODCOMPR, CODCLI, CODPER, CODLOC, CODFOR, TIPO_COM, FECHA ) VALUES('CMP020', 'C020','PS07','L004','F001','F',to_date('12/5/16','mm,dd,yyyy'));
INSERT INTO COMPROBANTECABECERA ( CODCOMPR, CODCLI, CODPER, CODLOC, CODFOR, TIPO_COM, FECHA ) VALUES('CMP021', 'C021','PS09','L005','F001','B',to_date('12/7/15','mm,dd,yyyy'));
INSERT INTO COMPROBANTECABECERA ( CODCOMPR, CODCLI, CODPER, CODLOC, CODFOR, TIPO_COM, FECHA ) VALUES('CMP022', 'C022','PS12','L006','F001','F',to_date('12/7/15','mm,dd,yyyy'));
INSERT INTO COMPROBANTECABECERA ( CODCOMPR, CODCLI, CODPER, CODLOC, CODFOR, TIPO_COM, FECHA ) VALUES('CMP023', 'C023','PS14','L007','F001','F',to_date('4/4/15','mm,dd,yyyy'));
INSERT INTO COMPROBANTECABECERA ( CODCOMPR, CODCLI, CODPER, CODLOC, CODFOR, TIPO_COM, FECHA ) VALUES('CMP024', 'C024','PS16','L008','F001','F',to_date('5/5/15','mm,dd,yyyy'));
INSERT INTO COMPROBANTECABECERA ( CODCOMPR, CODCLI, CODPER, CODLOC, CODFOR, TIPO_COM, FECHA ) VALUES('CMP025', 'C025','PS18','L009','F001','F',to_date('7/7/15','mm,dd,yyyy'));
INSERT INTO COMPROBANTECABECERA ( CODCOMPR, CODCLI, CODPER, CODLOC, CODFOR, TIPO_COM, FECHA ) VALUES('CMP026', 'C026','PS20','L010','F001','F',to_date('6/6/15','mm,dd,yyyy'));
INSERT INTO COMPROBANTECABECERA ( CODCOMPR, CODCLI, CODPER, CODLOC, CODFOR, TIPO_COM, FECHA ) VALUES('CMP027', 'C027','PS22','L011','F001','B',to_date('12/12/15','mm,dd,yyyy'));
INSERT INTO COMPROBANTECABECERA ( CODCOMPR, CODCLI, CODPER, CODLOC, CODFOR, TIPO_COM, FECHA ) VALUES('CMP028', 'C028','PS24','L012','F001','F',to_date('12/8/17','mm,dd,yyyy'));
INSERT INTO COMPROBANTECABECERA ( CODCOMPR, CODCLI, CODPER, CODLOC, CODFOR, TIPO_COM, FECHA ) VALUES('CMP029', 'C029','PS25','L013','F001','F',to_date('12/5/15','mm,dd,yyyy'));
INSERT INTO COMPROBANTECABECERA ( CODCOMPR, CODCLI, CODPER, CODLOC, CODFOR, TIPO_COM, FECHA ) VALUES('CMP030', 'C030','PS27','L014','F001','F',to_date('2/2/15','mm,dd,yyyy'));
INSERT INTO COMPROBANTECABECERA ( CODCOMPR, CODCLI, CODPER, CODLOC, CODFOR, TIPO_COM, FECHA ) VALUES('CMP031', 'C031','PS29','L015','F001','B',to_date('3/3/15','mm,dd,yyyy'));
INSERT INTO COMPROBANTECABECERA ( CODCOMPR, CODCLI, CODPER, CODLOC, CODFOR, TIPO_COM, FECHA ) VALUES('CMP032', 'C032','PS32','L016','F001','F',to_date('12/7/15','mm,dd,yyyy'));
INSERT INTO COMPROBANTECABECERA ( CODCOMPR, CODCLI, CODPER, CODLOC, CODFOR, TIPO_COM, FECHA ) VALUES('CMP033', 'C033','PS01','L001','F001','F',to_date('12/2/15','mm,dd,yyyy'));
INSERT INTO COMPROBANTECABECERA ( CODCOMPR, CODCLI, CODPER, CODLOC, CODFOR, TIPO_COM, FECHA ) VALUES('CMP034', 'C034','PS03','L002','F001','F',to_date('12/3/15','mm,dd,yyyy'));
INSERT INTO COMPROBANTECABECERA ( CODCOMPR, CODCLI, CODPER, CODLOC, CODFOR, TIPO_COM, FECHA ) VALUES('CMP035', 'C035','PS05','L003','F001','F',to_date('12/4/15','mm,dd,yyyy'));
INSERT INTO COMPROBANTECABECERA ( CODCOMPR, CODCLI, CODPER, CODLOC, CODFOR, TIPO_COM, FECHA ) VALUES('CMP036', 'C036','PS07','L004','F001','B',to_date('12/5/15','mm,dd,yyyy'));
INSERT INTO COMPROBANTECABECERA ( CODCOMPR, CODCLI, CODPER, CODLOC, CODFOR, TIPO_COM, FECHA ) VALUES('CMP037', 'C037','PS09','L005','F001','F',to_date('12/6/15','mm,dd,yyyy'));
INSERT INTO COMPROBANTECABECERA ( CODCOMPR, CODCLI, CODPER, CODLOC, CODFOR, TIPO_COM, FECHA ) VALUES('CMP038', 'C038','PS11','L006','F001','F',to_date('12/7/15','mm,dd,yyyy'));
INSERT INTO COMPROBANTECABECERA ( CODCOMPR, CODCLI, CODPER, CODLOC, CODFOR, TIPO_COM, FECHA ) VALUES('CMP039', 'C039','PS14','L007','F001','F',to_date('12/8/15','mm,dd,yyyy'));
INSERT INTO COMPROBANTECABECERA ( CODCOMPR, CODCLI, CODPER, CODLOC, CODFOR, TIPO_COM, FECHA ) VALUES('CMP040', 'C040','PS16','L008','F001','B',to_date('12/9/15','mm,dd,yyyy'));
INSERT INTO COMPROBANTECABECERA ( CODCOMPR, CODCLI, CODPER, CODLOC, CODFOR, TIPO_COM, FECHA ) VALUES('CMP041', 'C041','PS18','L009','F001','F',to_Date('11/1/15','mm,dd,yyyy'));
INSERT INTO COMPROBANTECABECERA ( CODCOMPR, CODCLI, CODPER, CODLOC, CODFOR, TIPO_COM, FECHA ) VALUES('CMP042', 'C042','PS19','L010','F001','F',to_date('11/2/15','mm,dd,yyyy'));
INSERT INTO COMPROBANTECABECERA ( CODCOMPR, CODCLI, CODPER, CODLOC, CODFOR, TIPO_COM, FECHA ) VALUES('CMP043', 'C043','PS21','L011','F001','F',to_date('11/3/15','mm,dd,yyyy'));
INSERT INTO COMPROBANTECABECERA ( CODCOMPR, CODCLI, CODPER, CODLOC, CODFOR, TIPO_COM, FECHA ) VALUES('CMP044', 'C044','PS23','L012','F001','F',to_date('11/4/15','mm,dd,yyyy'));
INSERT INTO COMPROBANTECABECERA ( CODCOMPR, CODCLI, CODPER, CODLOC, CODFOR, TIPO_COM, FECHA ) VALUES('CMP045', 'C045','PS25','L013','F001','F',to_date('12/7/15','mm,dd,yyyy'));
INSERT INTO COMPROBANTECABECERA ( CODCOMPR, CODCLI, CODPER, CODLOC, CODFOR, TIPO_COM, FECHA ) VALUES('CMP046', 'C046','PS28','L014','F001','B',to_date('11/5/15','mm,dd,yyyy'));
INSERT INTO COMPROBANTECABECERA ( CODCOMPR, CODCLI, CODPER, CODLOC, CODFOR, TIPO_COM, FECHA ) VALUES('CMP047', 'C047','PS30','L015','F001','F',to_Date('11/6/15','mm,dd,yyyy'));
INSERT INTO COMPROBANTECABECERA ( CODCOMPR, CODCLI, CODPER, CODLOC, CODFOR, TIPO_COM, FECHA ) VALUES('CMP048', 'C048','PS32','L016','F001','F',to_date('11/7/15','mm,dd,yyyy'));
INSERT INTO COMPROBANTECABECERA ( CODCOMPR, CODCLI, CODPER, CODLOC, CODFOR, TIPO_COM, FECHA ) VALUES('CMP049', 'C049','PS01','L001','F001','F',to_date('11/8/15','mm,dd,yyyy'));
INSERT INTO COMPROBANTECABECERA ( CODCOMPR, CODCLI, CODPER, CODLOC, CODFOR, TIPO_COM, FECHA ) VALUES('CMP050', 'C050','PS03','L002','F001','B',to_date('11/9/15','mm,dd,yyyy'));
INSERT INTO COMPROBANTECABECERA ( CODCOMPR, CODCLI, CODPER, CODLOC, CODFOR, TIPO_COM, FECHA ) VALUES('CMP051', 'C051','PS06','L003','F001','F',to_date('11/10/15','mm,dd,yyyy'));
INSERT INTO COMPROBANTECABECERA ( CODCOMPR, CODCLI, CODPER, CODLOC, CODFOR, TIPO_COM, FECHA ) VALUES('CMP052', 'C052','PS08','L004','F001','F',to_date('11/11/15','mm,dd,yyyy'));
INSERT INTO COMPROBANTECABECERA ( CODCOMPR, CODCLI, CODPER, CODLOC, CODFOR, TIPO_COM, FECHA ) VALUES('CMP053', 'C053','PS10','L005','F001','F',to_date('11/12/15','mm,dd,yyyy'));
INSERT INTO COMPROBANTECABECERA ( CODCOMPR, CODCLI, CODPER, CODLOC, CODFOR, TIPO_COM, FECHA ) VALUES('CMP054', 'C054','PS12','L006','F001','F',to_date('11/3/15','mm,dd,yyyy'));
INSERT INTO COMPROBANTECABECERA ( CODCOMPR, CODCLI, CODPER, CODLOC, CODFOR, TIPO_COM, FECHA ) VALUES('CMP055', 'C055','PS14','L007','F001','F',to_date('11/4/15','mm,dd,yyyy'));
INSERT INTO COMPROBANTECABECERA ( CODCOMPR, CODCLI, CODPER, CODLOC, CODFOR, TIPO_COM, FECHA ) VALUES('CMP056', 'C056','PS15','L008','F001','F',to_date('11/5/15','mm,dd,yyyy'));
INSERT INTO COMPROBANTECABECERA ( CODCOMPR, CODCLI, CODPER, CODLOC, CODFOR, TIPO_COM, FECHA ) VALUES('CMP057', 'C057','PS18','L009','F001','F',to_date('11/6/15','mm,dd,yyyy'));
INSERT INTO COMPROBANTECABECERA ( CODCOMPR, CODCLI, CODPER, CODLOC, CODFOR, TIPO_COM, FECHA ) VALUES('CMP058', 'C058','PS19','L010','F001','B',to_date('11/7/15','mm,dd,yyyy'));
INSERT INTO COMPROBANTECABECERA ( CODCOMPR, CODCLI, CODPER, CODLOC, CODFOR, TIPO_COM, FECHA ) VALUES('CMP059', 'C059','PS22','L011','F001','F',to_date('11/8/15','mm,dd,yyyy'));
INSERT INTO COMPROBANTECABECERA ( CODCOMPR, CODCLI, CODPER, CODLOC, CODFOR, TIPO_COM, FECHA ) VALUES('CMP060', 'C060','PS23','L012','F001','F',to_date('11/9/15','mm,dd,yyyy'));
INSERT INTO COMPROBANTECABECERA ( CODCOMPR, CODCLI, CODPER, CODLOC, CODFOR, TIPO_COM, FECHA ) VALUES('CMP061', 'C061','PS26','L013','F001','F',to_date('11/10/15','mm,dd,yyyy'));
INSERT INTO COMPROBANTECABECERA ( CODCOMPR, CODCLI, CODPER, CODLOC, CODFOR, TIPO_COM, FECHA ) VALUES('CMP062', 'C062','PS27','L014','F001','F',to_date('11/11/15','mm,dd,yyyy'));
INSERT INTO COMPROBANTECABECERA ( CODCOMPR, CODCLI, CODPER, CODLOC, CODFOR, TIPO_COM, FECHA ) VALUES('CMP063', 'C063','PS30','L015','F001','B',to_date('11/12/15','mm,dd,yyyy'));
INSERT INTO COMPROBANTECABECERA ( CODCOMPR, CODCLI, CODPER, CODLOC, CODFOR, TIPO_COM, FECHA ) VALUES('CMP064', 'C064','PS31','L016','F001','F',to_date('11/3/15','mm,dd,yyyy'));
INSERT INTO COMPROBANTECABECERA ( CODCOMPR, CODCLI, CODPER, CODLOC, CODFOR, TIPO_COM, FECHA ) VALUES('CMP065', 'C065','PS02','L001','F001','F',to_date('11/4/15','mm,dd,yyyy'));
INSERT INTO COMPROBANTECABECERA ( CODCOMPR, CODCLI, CODPER, CODLOC, CODFOR, TIPO_COM, FECHA ) VALUES('CMP066', 'C066','PS03','L002','F001','F',to_date('11/5/15','mm,dd,yyyy'));
INSERT INTO COMPROBANTECABECERA ( CODCOMPR, CODCLI, CODPER, CODLOC, CODFOR, TIPO_COM, FECHA ) VALUES('CMP067', 'C067','PS06','L003','F001','F',to_date('11/6/15','mm,dd,yyyy'));
INSERT INTO COMPROBANTECABECERA ( CODCOMPR, CODCLI, CODPER, CODLOC, CODFOR, TIPO_COM, FECHA ) VALUES('CMP068', 'C068','PS07','L004','F001','F',to_date('11/7/15','mm,dd,yyyy'));
INSERT INTO COMPROBANTECABECERA ( CODCOMPR, CODCLI, CODPER, CODLOC, CODFOR, TIPO_COM, FECHA ) VALUES('CMP069', 'C069','PS10','L005','F001','F',to_date('11/8/15','mm,dd,yyyy'));
INSERT INTO COMPROBANTECABECERA ( CODCOMPR, CODCLI, CODPER, CODLOC, CODFOR, TIPO_COM, FECHA ) VALUES('CMP070', 'C070','PS11','L006','F001','B',to_date('11/9/15','mm,dd,yyyy'));
INSERT INTO COMPROBANTECABECERA ( CODCOMPR, CODCLI, CODPER, CODLOC, CODFOR, TIPO_COM, FECHA ) VALUES('CMP071', 'C071','PS13','L007','F001','F',to_date('11/10/15','mm,dd,yyyy'));
INSERT INTO COMPROBANTECABECERA ( CODCOMPR, CODCLI, CODPER, CODLOC, CODFOR, TIPO_COM, FECHA ) VALUES('CMP072', 'C072','PS15','L008','F001','F',to_date('10/1/15','mm,dd,yyyy'));
INSERT INTO COMPROBANTECABECERA ( CODCOMPR, CODCLI, CODPER, CODLOC, CODFOR, TIPO_COM, FECHA ) VALUES('CMP073', 'C073','PS18','L009','F001','F',to_date('10/1/15','mm,dd,yyyy'));
INSERT INTO COMPROBANTECABECERA ( CODCOMPR, CODCLI, CODPER, CODLOC, CODFOR, TIPO_COM, FECHA ) VALUES('CMP074', 'C074','PS19','L010','F001','F',to_date('10/2/15','mm,dd,yyyy'));
INSERT INTO COMPROBANTECABECERA ( CODCOMPR, CODCLI, CODPER, CODLOC, CODFOR, TIPO_COM, FECHA ) VALUES('CMP075', 'C075','PS22','L011','F001','F',to_date('10/3/15','mm,dd,yyyy'));
INSERT INTO COMPROBANTECABECERA ( CODCOMPR, CODCLI, CODPER, CODLOC, CODFOR, TIPO_COM, FECHA ) VALUES('CMP076', 'C076','PS24','L012','F001','F',to_date('10/4/15','mm,dd,yyyy'));
INSERT INTO COMPROBANTECABECERA ( CODCOMPR, CODCLI, CODPER, CODLOC, CODFOR, TIPO_COM, FECHA ) VALUES('CMP077', 'C077','PS26','L013','F001','B',to_date('10/5/15','mm,dd,yyyy'));
INSERT INTO COMPROBANTECABECERA ( CODCOMPR, CODCLI, CODPER, CODLOC, CODFOR, TIPO_COM, FECHA ) VALUES('CMP078', 'C078','PS27','L014','F001','F',to_date('10/6/15','mm,dd,yyyy'));
INSERT INTO COMPROBANTECABECERA ( CODCOMPR, CODCLI, CODPER, CODLOC, CODFOR, TIPO_COM, FECHA ) VALUES('CMP079', 'C079','PS29','L015','F001','F',to_date('10/7/15','mm,dd,yyyy'));
INSERT INTO COMPROBANTECABECERA ( CODCOMPR, CODCLI, CODPER, CODLOC, CODFOR, TIPO_COM, FECHA ) VALUES('CMP080', 'C080','PS31','L016','F001','F',to_date('10/7/15','mm,dd,yyyy'));
INSERT INTO COMPROBANTECABECERA ( CODCOMPR, CODCLI, CODPER, CODLOC, CODFOR, TIPO_COM, FECHA ) VALUES('CMP081', 'C081','PS02','L001','F001','F',to_date('10/8/15','mm,dd,yyyy'));
INSERT INTO COMPROBANTECABECERA ( CODCOMPR, CODCLI, CODPER, CODLOC, CODFOR, TIPO_COM, FECHA ) VALUES('CMP082', 'C082','PS03','L002','F001','F',to_date('10/9/15','mm,dd,yyyy'));
INSERT INTO COMPROBANTECABECERA ( CODCOMPR, CODCLI, CODPER, CODLOC, CODFOR, TIPO_COM, FECHA ) VALUES('CMP083', 'C083','PS05','L003','F001','B',to_date('10/10/15','mm,dd,yyyy'));


-- INSERTANDO COMPROBANTES DETALLE
INSERT INTO COMPROBANTEDETALLE ( CODCOMPRD, CODPROD, CANTIDAD, PRECIO, DCTO ) VALUES('CMP001', 'P001', 2, 8.50, 0.00) ;
INSERT INTO COMPROBANTEDETALLE ( CODCOMPRD, CODPROD, CANTIDAD, PRECIO, DCTO ) VALUES('CMP002', 'P003', 1, 120, 0.00) ;
INSERT INTO COMPROBANTEDETALLE ( CODCOMPRD, CODPROD, CANTIDAD, PRECIO, DCTO ) VALUES('CMP003', 'P005', 4, 2.50, 0.00) ;
INSERT INTO COMPROBANTEDETALLE ( CODCOMPRD, CODPROD, CANTIDAD, PRECIO, DCTO ) VALUES('CMP004', 'P002', 3, 7.50, 0.00) ;
INSERT INTO COMPROBANTEDETALLE ( CODCOMPRD, CODPROD, CANTIDAD, PRECIO, DCTO ) VALUES('CMP005', 'P004', 4, 5.50, 0.00);
INSERT INTO COMPROBANTEDETALLE ( CODCOMPRD, CODPROD, CANTIDAD, PRECIO, DCTO ) VALUES('CMP006', 'P003', 2, 120, 0) ;
INSERT INTO COMPROBANTEDETALLE ( CODCOMPRD, CODPROD, CANTIDAD, PRECIO, DCTO ) VALUES('CMP007', 'P001', 1, 0.7, 0) ;
INSERT INTO COMPROBANTEDETALLE ( CODCOMPRD, CODPROD, CANTIDAD, PRECIO, DCTO ) VALUES('CMP008', 'P002', 1, 0.7, 0) ;
INSERT INTO COMPROBANTEDETALLE ( CODCOMPRD, CODPROD, CANTIDAD, PRECIO, DCTO ) VALUES('CMP009', 'P003', 1, 0.5,0) ;
INSERT INTO COMPROBANTEDETALLE ( CODCOMPRD, CODPROD, CANTIDAD, PRECIO, DCTO ) VALUES('CMP010', 'P004', 1, 1, 0)  ;
INSERT INTO COMPROBANTEDETALLE ( CODCOMPRD, CODPROD, CANTIDAD, PRECIO, DCTO ) VALUES('CMP011', 'P005', 1, 0.5, 0) ;
INSERT INTO COMPROBANTEDETALLE ( CODCOMPRD, CODPROD, CANTIDAD, PRECIO, DCTO ) VALUES('CMP012', 'P006', 1, 1, 0) ;
INSERT INTO COMPROBANTEDETALLE ( CODCOMPRD, CODPROD, CANTIDAD, PRECIO, DCTO ) VALUES('CMP013', 'P007', 1, 0.7, 0); 
INSERT INTO COMPROBANTEDETALLE ( CODCOMPRD, CODPROD, CANTIDAD, PRECIO, DCTO ) VALUES('CMP014', 'P008', 1, 0.7, 0) ;
INSERT INTO COMPROBANTEDETALLE ( CODCOMPRD, CODPROD, CANTIDAD, PRECIO, DCTO ) VALUES('CMP015', 'P009', 1, 0.7, 0) ;
INSERT INTO COMPROBANTEDETALLE ( CODCOMPRD, CODPROD, CANTIDAD, PRECIO, DCTO ) VALUES('CMP016', 'P010', 1, 1.2, 0) ;
INSERT INTO COMPROBANTEDETALLE ( CODCOMPRD, CODPROD, CANTIDAD, PRECIO, DCTO ) VALUES('CMP017', 'P011', 1, 1.2, 0) ;
INSERT INTO COMPROBANTEDETALLE ( CODCOMPRD, CODPROD, CANTIDAD, PRECIO, DCTO ) VALUES('CMP018', 'P012', 1, 8, 0) ;
INSERT INTO COMPROBANTEDETALLE ( CODCOMPRD, CODPROD, CANTIDAD, PRECIO, DCTO ) VALUES('CMP019', 'P013', 1, 1.3, 0); 
INSERT INTO COMPROBANTEDETALLE ( CODCOMPRD, CODPROD, CANTIDAD, PRECIO, DCTO ) VALUES('CMP020', 'P014', 1, 8, 0) ;
INSERT INTO COMPROBANTEDETALLE ( CODCOMPRD, CODPROD, CANTIDAD, PRECIO, DCTO ) VALUES('CMP021', 'P015', 1, 1,0) ;
INSERT INTO COMPROBANTEDETALLE ( CODCOMPRD, CODPROD, CANTIDAD, PRECIO, DCTO ) VALUES('CMP022', 'P016', 1, 7, 00); 
INSERT INTO COMPROBANTEDETALLE ( CODCOMPRD, CODPROD, CANTIDAD, PRECIO, DCTO ) VALUES('CMP023', 'P017', 1, 1.2, 0); 
INSERT INTO COMPROBANTEDETALLE ( CODCOMPRD, CODPROD, CANTIDAD, PRECIO, DCTO ) VALUES('CMP024', 'P018', 1, 5, 0) ;
INSERT INTO COMPROBANTEDETALLE ( CODCOMPRD, CODPROD, CANTIDAD, PRECIO, DCTO ) VALUES('CMP025', 'P019', 1, 1, 0) ;
INSERT INTO COMPROBANTEDETALLE ( CODCOMPRD, CODPROD, CANTIDAD, PRECIO, DCTO ) VALUES('CMP026', 'P020', 1, 5.2, 0); 
INSERT INTO COMPROBANTEDETALLE ( CODCOMPRD, CODPROD, CANTIDAD, PRECIO, DCTO ) VALUES('CMP027', 'P021', 1, 1.5, 0) ;
INSERT INTO COMPROBANTEDETALLE ( CODCOMPRD, CODPROD, CANTIDAD, PRECIO, DCTO ) VALUES('CMP028', 'P022', 1, 2.5, 0) ;
INSERT INTO COMPROBANTEDETALLE ( CODCOMPRD, CODPROD, CANTIDAD, PRECIO, DCTO ) VALUES('CMP029', 'P023', 1, 1.6, 0) ;
INSERT INTO COMPROBANTEDETALLE ( CODCOMPRD, CODPROD, CANTIDAD, PRECIO, DCTO ) VALUES('CMP030', 'P024', 1, 2.6, 0) ;
INSERT INTO COMPROBANTEDETALLE ( CODCOMPRD, CODPROD, CANTIDAD, PRECIO, DCTO ) VALUES('CMP031', 'P025', 1, 1.2, 0) ;
INSERT INTO COMPROBANTEDETALLE ( CODCOMPRD, CODPROD, CANTIDAD, PRECIO, DCTO ) VALUES('CMP032', 'P026', 1, 2.2, 0) ;
INSERT INTO COMPROBANTEDETALLE ( CODCOMPRD, CODPROD, CANTIDAD, PRECIO, DCTO ) VALUES('CMP033', 'P027', 1, 1.1, 0) ;
INSERT INTO COMPROBANTEDETALLE ( CODCOMPRD, CODPROD, CANTIDAD, PRECIO, DCTO ) VALUES('CMP034', 'P028', 1, 2.1, 0) ;
INSERT INTO COMPROBANTEDETALLE ( CODCOMPRD, CODPROD, CANTIDAD, PRECIO, DCTO ) VALUES('CMP035', 'P029', 1, 1.3, 0) ;
INSERT INTO COMPROBANTEDETALLE ( CODCOMPRD, CODPROD, CANTIDAD, PRECIO, DCTO ) VALUES('CMP036', 'P030', 1, 2.30, 0) ;
INSERT INTO COMPROBANTEDETALLE ( CODCOMPRD, CODPROD, CANTIDAD, PRECIO, DCTO ) VALUES('CMP037', 'P031', 1, 2, 0) ;
INSERT INTO COMPROBANTEDETALLE ( CODCOMPRD, CODPROD, CANTIDAD, PRECIO, DCTO ) VALUES('CMP038', 'P032', 1, 7, 0) ;
INSERT INTO COMPROBANTEDETALLE ( CODCOMPRD, CODPROD, CANTIDAD, PRECIO, DCTO ) VALUES('CMP039', 'P033', 1, 2, 0.8); 
INSERT INTO COMPROBANTEDETALLE ( CODCOMPRD, CODPROD, CANTIDAD, PRECIO, DCTO ) VALUES('CMP040', 'P034', 1, 7.2, 0.60); 
INSERT INTO COMPROBANTEDETALLE ( CODCOMPRD, CODPROD, CANTIDAD, PRECIO, DCTO ) VALUES('CMP041', 'P035', 1, 2, 0) ;
INSERT INTO COMPROBANTEDETALLE ( CODCOMPRD, CODPROD, CANTIDAD, PRECIO, DCTO ) VALUES('CMP042', 'P036', 1, 6.8, 0); 
INSERT INTO COMPROBANTEDETALLE ( CODCOMPRD, CODPROD, CANTIDAD, PRECIO, DCTO ) VALUES('CMP043', 'P037', 1, 2, 0) ;
INSERT INTO COMPROBANTEDETALLE ( CODCOMPRD, CODPROD, CANTIDAD, PRECIO, DCTO ) VALUES('CMP044', 'P038', 1, 5.6, 0); 
INSERT INTO COMPROBANTEDETALLE ( CODCOMPRD, CODPROD, CANTIDAD, PRECIO, DCTO ) VALUES('CMP045', 'P039', 1,2 , 0) ;
INSERT INTO COMPROBANTEDETALLE ( CODCOMPRD, CODPROD, CANTIDAD, PRECIO, DCTO ) VALUES('CMP046', 'P040', 1, 6.4, 0);  
INSERT INTO COMPROBANTEDETALLE ( CODCOMPRD, CODPROD, CANTIDAD, PRECIO, DCTO ) VALUES('CMP047', 'P041', 1, 5, 0) ;
INSERT INTO COMPROBANTEDETALLE ( CODCOMPRD, CODPROD, CANTIDAD, PRECIO, DCTO ) VALUES('CMP048', 'P042', 1, 4, 0) ;
INSERT INTO COMPROBANTEDETALLE ( CODCOMPRD, CODPROD, CANTIDAD, PRECIO, DCTO ) VALUES('CMP049', 'P043', 1, 5.1, 0); 
INSERT INTO COMPROBANTEDETALLE ( CODCOMPRD, CODPROD, CANTIDAD, PRECIO, DCTO ) VALUES('CMP050', 'P044', 1, 4.2, 0) ;
INSERT INTO COMPROBANTEDETALLE ( CODCOMPRD, CODPROD, CANTIDAD, PRECIO, DCTO ) VALUES('CMP051', 'P045', 1, 5.2, 0) ;
INSERT INTO COMPROBANTEDETALLE ( CODCOMPRD, CODPROD, CANTIDAD, PRECIO, DCTO ) VALUES('CMP052', 'P046', 1, 4.3, 0) ;
INSERT INTO COMPROBANTEDETALLE ( CODCOMPRD, CODPROD, CANTIDAD, PRECIO, DCTO ) VALUES('CMP053', 'P047', 1, 4.9, 0) ;
INSERT INTO COMPROBANTEDETALLE ( CODCOMPRD, CODPROD, CANTIDAD, PRECIO, DCTO ) VALUES('CMP054', 'P048', 1, 3.9, 0) ;
INSERT INTO COMPROBANTEDETALLE ( CODCOMPRD, CODPROD, CANTIDAD, PRECIO, DCTO ) VALUES('CMP055', 'P049', 1, 4.7, 0) ;
INSERT INTO COMPROBANTEDETALLE ( CODCOMPRD, CODPROD, CANTIDAD, PRECIO, DCTO ) VALUES('CMP056', 'P050', 1, 4, 0)  ;
INSERT INTO COMPROBANTEDETALLE ( CODCOMPRD, CODPROD, CANTIDAD, PRECIO, DCTO ) VALUES('CMP057', 'P051', 1, 18, 0) ;
INSERT INTO COMPROBANTEDETALLE ( CODCOMPRD, CODPROD, CANTIDAD, PRECIO, DCTO ) VALUES('CMP058', 'P052', 1, 35, 0) ;
INSERT INTO COMPROBANTEDETALLE ( CODCOMPRD, CODPROD, CANTIDAD, PRECIO, DCTO ) VALUES('CMP059', 'P053', 1, 50, 0) ;
INSERT INTO COMPROBANTEDETALLE ( CODCOMPRD, CODPROD, CANTIDAD, PRECIO, DCTO ) VALUES('CMP060', 'P054', 1, 100, 0) ;
INSERT INTO COMPROBANTEDETALLE ( CODCOMPRD, CODPROD, CANTIDAD, PRECIO, DCTO ) VALUES('CMP061', 'P055', 1, 20, 0) ;
INSERT INTO COMPROBANTEDETALLE ( CODCOMPRD, CODPROD, CANTIDAD, PRECIO, DCTO ) VALUES('CMP062', 'P056', 1, 35, 0)  ;
INSERT INTO COMPROBANTEDETALLE ( CODCOMPRD, CODPROD, CANTIDAD, PRECIO, DCTO ) VALUES('CMP063', 'P057', 1, 40, 0) ;
INSERT INTO COMPROBANTEDETALLE ( CODCOMPRD, CODPROD, CANTIDAD, PRECIO, DCTO ) VALUES('CMP064', 'P058', 1, 70, 0) ;
INSERT INTO COMPROBANTEDETALLE ( CODCOMPRD, CODPROD, CANTIDAD, PRECIO, DCTO ) VALUES('CMP065', 'P059', 1, 55, 0) ;
INSERT INTO COMPROBANTEDETALLE ( CODCOMPRD, CODPROD, CANTIDAD, PRECIO, DCTO ) VALUES('CMP066', 'P060', 1, 95, 0) ;
INSERT INTO COMPROBANTEDETALLE ( CODCOMPRD, CODPROD, CANTIDAD, PRECIO, DCTO ) VALUES('CMP067', 'P061', 1, 2.5, 0) ;
INSERT INTO COMPROBANTEDETALLE ( CODCOMPRD, CODPROD, CANTIDAD, PRECIO, DCTO ) VALUES('CMP068', 'P062', 1, 2.5, 0) ;
INSERT INTO COMPROBANTEDETALLE ( CODCOMPRD, CODPROD, CANTIDAD, PRECIO, DCTO ) VALUES('CMP069', 'P063', 1, 3, 0) ;
INSERT INTO COMPROBANTEDETALLE ( CODCOMPRD, CODPROD, CANTIDAD, PRECIO, DCTO ) VALUES('CMP070', 'P064', 1, 3, 0)  ;
INSERT INTO COMPROBANTEDETALLE ( CODCOMPRD, CODPROD, CANTIDAD, PRECIO, DCTO ) VALUES('CMP071', 'P065', 1, 3.1, 0) ;
INSERT INTO COMPROBANTEDETALLE ( CODCOMPRD, CODPROD, CANTIDAD, PRECIO, DCTO ) VALUES('CMP072', 'P066', 1, 3.1, 0) ;
INSERT INTO COMPROBANTEDETALLE ( CODCOMPRD, CODPROD, CANTIDAD, PRECIO, DCTO ) VALUES('CMP073', 'P067', 1, 2.6, 0)  ;
INSERT INTO COMPROBANTEDETALLE ( CODCOMPRD, CODPROD, CANTIDAD, PRECIO, DCTO ) VALUES('CMP074', 'P068', 1, 2.6, 0) ;
INSERT INTO COMPROBANTEDETALLE ( CODCOMPRD, CODPROD, CANTIDAD, PRECIO, DCTO ) VALUES('CMP075', 'P069', 1, 2.3, 0) ;
INSERT INTO COMPROBANTEDETALLE ( CODCOMPRD, CODPROD, CANTIDAD, PRECIO, DCTO ) VALUES('CMP076', 'P070', 1, 2.3, 0) ;
INSERT INTO COMPROBANTEDETALLE ( CODCOMPRD, CODPROD, CANTIDAD, PRECIO, DCTO ) VALUES('CMP077', 'P071', 1, 2.3, 0) ;
INSERT INTO COMPROBANTEDETALLE ( CODCOMPRD, CODPROD, CANTIDAD, PRECIO, DCTO ) VALUES('CMP078', 'P072', 1, 2.7, 0) ;
INSERT INTO COMPROBANTEDETALLE ( CODCOMPRD, CODPROD, CANTIDAD, PRECIO, DCTO ) VALUES('CMP079', 'P073', 1, 1.5, 0) ;
INSERT INTO COMPROBANTEDETALLE ( CODCOMPRD, CODPROD, CANTIDAD, PRECIO, DCTO ) VALUES('CMP080', 'P074', 1, 1.8, 0) ;
INSERT INTO COMPROBANTEDETALLE ( CODCOMPRD, CODPROD, CANTIDAD, PRECIO, DCTO ) VALUES('CMP081', 'P075', 1, 2, 0) ;
INSERT INTO COMPROBANTEDETALLE ( CODCOMPRD, CODPROD, CANTIDAD, PRECIO, DCTO ) VALUES('CMP082', 'P076', 1, 3.2, 0); 
INSERT INTO COMPROBANTEDETALLE ( CODCOMPRD, CODPROD, CANTIDAD, PRECIO, DCTO ) VALUES('CMP083', 'P075', 1, 2, 0) ;

--INSERTANDO ABASTECIMIENTO DE PRODUCTO

INSERT INTO ABASTECIMIENTOPRODUCTO ( COD_ABAST_PROD, CODPROV, CODPROD ) VALUES ('A00001','S001','P001');
INSERT INTO ABASTECIMIENTOPRODUCTO ( COD_ABAST_PROD, CODPROV, CODPROD ) VALUES ('A00002','S002','P002');
INSERT INTO ABASTECIMIENTOPRODUCTO ( COD_ABAST_PROD, CODPROV, CODPROD ) VALUES ('A00003','S003','P003');
INSERT INTO ABASTECIMIENTOPRODUCTO ( COD_ABAST_PROD, CODPROV, CODPROD ) VALUES ('A00004','S004','P004');
INSERT INTO ABASTECIMIENTOPRODUCTO ( COD_ABAST_PROD, CODPROV, CODPROD ) VALUES ('A00005','S005','P005');
INSERT INTO ABASTECIMIENTOPRODUCTO ( COD_ABAST_PROD, CODPROV, CODPROD ) VALUES ('A00006','S006','P006');
INSERT INTO ABASTECIMIENTOPRODUCTO ( COD_ABAST_PROD, CODPROV, CODPROD ) VALUES ('A00007','S007','P007');
INSERT INTO ABASTECIMIENTOPRODUCTO ( COD_ABAST_PROD, CODPROV, CODPROD ) VALUES ('A00008','S008','P008');
INSERT INTO ABASTECIMIENTOPRODUCTO ( COD_ABAST_PROD, CODPROV, CODPROD ) VALUES ('A00009','S009','P009');
INSERT INTO ABASTECIMIENTOPRODUCTO ( COD_ABAST_PROD, CODPROV, CODPROD ) VALUES ('A00010','S010','P010');
INSERT INTO ABASTECIMIENTOPRODUCTO ( COD_ABAST_PROD, CODPROV, CODPROD ) VALUES ('A00011','S001','P011');
INSERT INTO ABASTECIMIENTOPRODUCTO ( COD_ABAST_PROD, CODPROV, CODPROD ) VALUES ('A00012','S002','P012');
INSERT INTO ABASTECIMIENTOPRODUCTO ( COD_ABAST_PROD, CODPROV, CODPROD ) VALUES ('A00013','S003','P013');
INSERT INTO ABASTECIMIENTOPRODUCTO ( COD_ABAST_PROD, CODPROV, CODPROD ) VALUES ('A00014','S004','P014');
INSERT INTO ABASTECIMIENTOPRODUCTO ( COD_ABAST_PROD, CODPROV, CODPROD ) VALUES ('A00015','S005','P015');
INSERT INTO ABASTECIMIENTOPRODUCTO ( COD_ABAST_PROD, CODPROV, CODPROD ) VALUES ('A00016','S006','P016');
INSERT INTO ABASTECIMIENTOPRODUCTO ( COD_ABAST_PROD, CODPROV, CODPROD ) VALUES ('A00017','S007','P017');
INSERT INTO ABASTECIMIENTOPRODUCTO ( COD_ABAST_PROD, CODPROV, CODPROD ) VALUES ('A00018','S008','P018');
INSERT INTO ABASTECIMIENTOPRODUCTO ( COD_ABAST_PROD, CODPROV, CODPROD ) VALUES ('A00019','S009','P019');
INSERT INTO ABASTECIMIENTOPRODUCTO ( COD_ABAST_PROD, CODPROV, CODPROD ) VALUES ('A00020','S010','P020');
INSERT INTO ABASTECIMIENTOPRODUCTO ( COD_ABAST_PROD, CODPROV, CODPROD ) VALUES ('A00021','S001','P021');
INSERT INTO ABASTECIMIENTOPRODUCTO ( COD_ABAST_PROD, CODPROV, CODPROD ) VALUES ('A00022','S002','P022');
INSERT INTO ABASTECIMIENTOPRODUCTO ( COD_ABAST_PROD, CODPROV, CODPROD ) VALUES ('A00023','S003','P023');
INSERT INTO ABASTECIMIENTOPRODUCTO ( COD_ABAST_PROD, CODPROV, CODPROD ) VALUES ('A00024','S004','P024');
INSERT INTO ABASTECIMIENTOPRODUCTO ( COD_ABAST_PROD, CODPROV, CODPROD ) VALUES ('A00025','S005','P025');
INSERT INTO ABASTECIMIENTOPRODUCTO ( COD_ABAST_PROD, CODPROV, CODPROD ) VALUES ('A00026','S006','P026');
INSERT INTO ABASTECIMIENTOPRODUCTO ( COD_ABAST_PROD, CODPROV, CODPROD ) VALUES ('A00027','S007','P027');
INSERT INTO ABASTECIMIENTOPRODUCTO ( COD_ABAST_PROD, CODPROV, CODPROD ) VALUES ('A00028','S008','P028');
INSERT INTO ABASTECIMIENTOPRODUCTO ( COD_ABAST_PROD, CODPROV, CODPROD ) VALUES ('A00029','S009','P029');
INSERT INTO ABASTECIMIENTOPRODUCTO ( COD_ABAST_PROD, CODPROV, CODPROD ) VALUES ('A00030','S010','P030');
INSERT INTO ABASTECIMIENTOPRODUCTO ( COD_ABAST_PROD, CODPROV, CODPROD ) VALUES ('A00031','S001','P031');
INSERT INTO ABASTECIMIENTOPRODUCTO ( COD_ABAST_PROD, CODPROV, CODPROD ) VALUES ('A00032','S002','P032');
INSERT INTO ABASTECIMIENTOPRODUCTO ( COD_ABAST_PROD, CODPROV, CODPROD ) VALUES ('A00033','S003','P033');
INSERT INTO ABASTECIMIENTOPRODUCTO ( COD_ABAST_PROD, CODPROV, CODPROD ) VALUES ('A00034','S004','P034');
INSERT INTO ABASTECIMIENTOPRODUCTO ( COD_ABAST_PROD, CODPROV, CODPROD ) VALUES ('A00035','S005','P035');
INSERT INTO ABASTECIMIENTOPRODUCTO ( COD_ABAST_PROD, CODPROV, CODPROD ) VALUES ('A00036','S006','P036');
INSERT INTO ABASTECIMIENTOPRODUCTO ( COD_ABAST_PROD, CODPROV, CODPROD ) VALUES ('A00037','S007','P037');
INSERT INTO ABASTECIMIENTOPRODUCTO ( COD_ABAST_PROD, CODPROV, CODPROD ) VALUES ('A00038','S008','P038');
INSERT INTO ABASTECIMIENTOPRODUCTO ( COD_ABAST_PROD, CODPROV, CODPROD ) VALUES ('A00039','S009','P039');
INSERT INTO ABASTECIMIENTOPRODUCTO ( COD_ABAST_PROD, CODPROV, CODPROD ) VALUES ('A00040','S010','P040');
INSERT INTO ABASTECIMIENTOPRODUCTO ( COD_ABAST_PROD, CODPROV, CODPROD ) VALUES ('A00041','S001','P041');
INSERT INTO ABASTECIMIENTOPRODUCTO ( COD_ABAST_PROD, CODPROV, CODPROD ) VALUES ('A00042','S002','P042');
INSERT INTO ABASTECIMIENTOPRODUCTO ( COD_ABAST_PROD, CODPROV, CODPROD ) VALUES ('A00043','S003','P043');
INSERT INTO ABASTECIMIENTOPRODUCTO ( COD_ABAST_PROD, CODPROV, CODPROD ) VALUES ('A00044','S004','P044');
INSERT INTO ABASTECIMIENTOPRODUCTO ( COD_ABAST_PROD, CODPROV, CODPROD ) VALUES ('A00045','S005','P045');
INSERT INTO ABASTECIMIENTOPRODUCTO ( COD_ABAST_PROD, CODPROV, CODPROD ) VALUES ('A00046','S006','P046');
INSERT INTO ABASTECIMIENTOPRODUCTO ( COD_ABAST_PROD, CODPROV, CODPROD ) VALUES ('A00047','S007','P047');
INSERT INTO ABASTECIMIENTOPRODUCTO ( COD_ABAST_PROD, CODPROV, CODPROD ) VALUES ('A00048','S008','P048');
INSERT INTO ABASTECIMIENTOPRODUCTO ( COD_ABAST_PROD, CODPROV, CODPROD ) VALUES ('A00049','S009','P049');
INSERT INTO ABASTECIMIENTOPRODUCTO ( COD_ABAST_PROD, CODPROV, CODPROD ) VALUES ('A00050','S010','P050');
INSERT INTO ABASTECIMIENTOPRODUCTO ( COD_ABAST_PROD, CODPROV, CODPROD ) VALUES ('A00051','S001','P051');
INSERT INTO ABASTECIMIENTOPRODUCTO ( COD_ABAST_PROD, CODPROV, CODPROD ) VALUES ('A00052','S002','P052');
INSERT INTO ABASTECIMIENTOPRODUCTO ( COD_ABAST_PROD, CODPROV, CODPROD ) VALUES ('A00053','S003','P053');
INSERT INTO ABASTECIMIENTOPRODUCTO ( COD_ABAST_PROD, CODPROV, CODPROD ) VALUES ('A00054','S004','P054');
INSERT INTO ABASTECIMIENTOPRODUCTO ( COD_ABAST_PROD, CODPROV, CODPROD ) VALUES ('A00055','S005','P055');
INSERT INTO ABASTECIMIENTOPRODUCTO ( COD_ABAST_PROD, CODPROV, CODPROD ) VALUES ('A00056','S006','P056');
INSERT INTO ABASTECIMIENTOPRODUCTO ( COD_ABAST_PROD, CODPROV, CODPROD ) VALUES ('A00057','S007','P057');
INSERT INTO ABASTECIMIENTOPRODUCTO ( COD_ABAST_PROD, CODPROV, CODPROD ) VALUES ('A00058','S008','P058');
INSERT INTO ABASTECIMIENTOPRODUCTO ( COD_ABAST_PROD, CODPROV, CODPROD ) VALUES ('A00059','S009','P059');
INSERT INTO ABASTECIMIENTOPRODUCTO ( COD_ABAST_PROD, CODPROV, CODPROD ) VALUES ('A00060','S010','P060');
INSERT INTO ABASTECIMIENTOPRODUCTO ( COD_ABAST_PROD, CODPROV, CODPROD ) VALUES ('A00061','S001','P061');
INSERT INTO ABASTECIMIENTOPRODUCTO ( COD_ABAST_PROD, CODPROV, CODPROD ) VALUES ('A00062','S002','P062');
INSERT INTO ABASTECIMIENTOPRODUCTO ( COD_ABAST_PROD, CODPROV, CODPROD ) VALUES ('A00063','S003','P063');
INSERT INTO ABASTECIMIENTOPRODUCTO ( COD_ABAST_PROD, CODPROV, CODPROD ) VALUES ('A00064','S004','P064');
INSERT INTO ABASTECIMIENTOPRODUCTO ( COD_ABAST_PROD, CODPROV, CODPROD ) VALUES ('A00065','S005','P065');
INSERT INTO ABASTECIMIENTOPRODUCTO ( COD_ABAST_PROD, CODPROV, CODPROD ) VALUES ('A00066','S006','P066');
INSERT INTO ABASTECIMIENTOPRODUCTO ( COD_ABAST_PROD, CODPROV, CODPROD ) VALUES ('A00067','S007','P067');
INSERT INTO ABASTECIMIENTOPRODUCTO ( COD_ABAST_PROD, CODPROV, CODPROD ) VALUES ('A00068','S008','P068');
INSERT INTO ABASTECIMIENTOPRODUCTO ( COD_ABAST_PROD, CODPROV, CODPROD ) VALUES ('A00069','S009','P069');
INSERT INTO ABASTECIMIENTOPRODUCTO ( COD_ABAST_PROD, CODPROV, CODPROD ) VALUES ('A00070','S010','P070');
INSERT INTO ABASTECIMIENTOPRODUCTO ( COD_ABAST_PROD, CODPROV, CODPROD ) VALUES ('A00071','S001','P071');
INSERT INTO ABASTECIMIENTOPRODUCTO ( COD_ABAST_PROD, CODPROV, CODPROD ) VALUES ('A00072','S002','P072');
INSERT INTO ABASTECIMIENTOPRODUCTO ( COD_ABAST_PROD, CODPROV, CODPROD ) VALUES ('A00073','S003','P073');
INSERT INTO ABASTECIMIENTOPRODUCTO ( COD_ABAST_PROD, CODPROV, CODPROD ) VALUES ('A00074','S004','P074');
INSERT INTO ABASTECIMIENTOPRODUCTO ( COD_ABAST_PROD, CODPROV, CODPROD ) VALUES ('A00075','S005','P075');
INSERT INTO ABASTECIMIENTOPRODUCTO ( COD_ABAST_PROD, CODPROV, CODPROD ) VALUES ('A00076','S006','P076');
INSERT INTO ABASTECIMIENTOPRODUCTO ( COD_ABAST_PROD, CODPROV, CODPROD ) VALUES ('A00077','S007','P077');
INSERT INTO ABASTECIMIENTOPRODUCTO ( COD_ABAST_PROD, CODPROV, CODPROD ) VALUES ('A00078','S008','P078');
INSERT INTO ABASTECIMIENTOPRODUCTO ( COD_ABAST_PROD, CODPROV, CODPROD ) VALUES ('A00079','S009','P079');
INSERT INTO ABASTECIMIENTOPRODUCTO ( COD_ABAST_PROD, CODPROV, CODPROD ) VALUES ('A00080','S010','P080');
INSERT INTO ABASTECIMIENTOPRODUCTO ( COD_ABAST_PROD, CODPROV, CODPROD ) VALUES ('A00081','S001','P081');
INSERT INTO ABASTECIMIENTOPRODUCTO ( COD_ABAST_PROD, CODPROV, CODPROD ) VALUES ('A00082','S002','P082');

COMMIT;
